Line,Sample,X,Y,Mark,Status,Time[ms],Time[hhmmss.sss],PowerLn,I_450Hz,Q_450Hz,I_1530Hz,Q_1530Hz,I_5310Hz,Q_5310Hz,I_18330Hz,Q_18330Hz,I_63030Hz,Q_63030Hz,QSum
 0,   0,        0.00,        0.00,   0,0, 48819228.400,133339.2284,    0.2, 3.93465e+002,-1.01093e+002,-3.08082e+002, 2.73152e+002, 1.79501e+002, 5.49870e+002,-2.12351e+002, 1.76492e+003, 1.59180e+003, 6.68074e+003, 9.16759e+003
 0,   1,       -0.28,        0.00,   0,0, 48819328.400,133339.3284,    0.2, 4.41831e+002,-9.01401e+001,-3.51361e+002, 2.59346e+002, 1.86555e+002, 5.51462e+002,-1.98241e+002, 1.76808e+003, 1.54260e+003, 6.66596e+003, 9.15471e+003
 0,   2,       -0.56,        0.00,   0,0, 48819428.400,133339.4284,    0.3, 4.67104e+002,-1.05209e+002,-3.47672e+002, 2.32584e+002, 1.44860e+002, 5.34141e+002,-1.58162e+002, 1.83254e+003, 1.49366e+003, 6.67896e+003, 9.17302e+003
 0,   3,       -0.84,        0.00,   0,0, 48819528.400,133339.5284,    0.3, 4.27964e+002,-1.32797e+002,-3.78404e+002, 2.16473e+002, 1.05184e+002, 5.18697e+002,-1.75633e+002, 1.84671e+003, 1.56676e+003, 6.70746e+003, 9.15655e+003
 0,   4,       -1.12,        0.00,   0,0, 48819628.400,133339.6284,    0.2, 3.98191e+002,-1.42489e+002,-3.84561e+002, 2.12135e+002, 9.00925e+001, 5.41552e+002,-2.23097e+002, 1.86951e+003, 1.62177e+003, 6.70402e+003, 9.18473e+003
 0,   5,       -1.40,        0.00,   0,0, 48819728.400,133339.7284,    0.4, 4.15479e+002,-1.14393e+002,-3.44211e+002, 2.00829e+002, 8.79295e+001, 5.54386e+002,-2.48036e+002, 1.86813e+003, 1.61569e+003, 6.71356e+003, 9.22251e+003
 0,   6,       -1.69,        0.00,   0,0, 48819828.400,133339.8284,    0.4, 3.84299e+002,-1.00036e+002,-3.26496e+002, 1.80337e+002, 1.01134e+002, 5.45942e+002,-2.23394e+002, 1.83335e+003, 1.59545e+003, 6.79887e+003, 9.25846e+003
 0,   7,       -1.97,        0.00,   0,0, 48819928.400,133339.9284,    0.4, 3.09926e+002,-9.91228e+001,-3.16018e+002, 1.62836e+002, 1.08004e+002, 5.84256e+002,-1.85792e+002, 1.82277e+003, 1.59752e+003, 6.81335e+003, 9.28408e+003
 0,   8,       -2.25,        0.00,   0,0, 48820028.400,133340.0284,    0.4, 3.26807e+002,-1.00706e+002,-3.08662e+002, 1.63791e+002, 1.06766e+002, 6.00295e+002,-1.69257e+002, 1.80212e+003, 1.60123e+003, 6.82573e+003, 9.29123e+003
 0,   9,       -2.53,        0.00,   0,0, 48820128.400,133340.1284,    0.2, 3.68392e+002,-4.21197e+001,-3.42459e+002, 1.95039e+002, 9.60953e+001, 5.47691e+002,-1.56689e+002, 1.78326e+003, 1.57182e+003, 6.79800e+003, 9.28187e+003
 0,  10,       -2.81,        0.00,   0,0, 48820228.400,133340.2284,    0.3, 4.03393e+002,-1.79258e+001,-3.59272e+002, 2.05442e+002, 1.06109e+002, 5.36220e+002,-2.16716e+002, 1.78990e+003, 1.54198e+003, 6.77508e+003, 9.28872e+003
 0,  11,       -3.09,        0.00,   0,0, 48820328.400,133340.3284,    0.2, 3.80095e+002,-6.45137e+001,-3.18471e+002, 2.24689e+002, 1.35146e+002, 5.72251e+002,-2.79762e+002, 1.83562e+003, 1.58394e+003, 6.77886e+003, 9.34691e+003
 0,  12,       -3.37,        0.00,   0,0, 48820428.400,133340.4284,    0.4, 3.37978e+002,-6.66962e+001,-2.79864e+002, 2.56748e+002, 6.87836e+001, 6.23565e+002,-2.78960e+002, 1.84928e+003, 1.61404e+003, 6.78798e+003, 9.45088e+003
 0,  13,       -3.65,        0.00,   0,0, 48820528.400,133340.5284,    0.4, 3.78154e+002,-3.87606e+001,-2.67456e+002, 2.08376e+002, 2.76183e+001, 6.53953e+002,-2.96674e+002, 1.83023e+003, 1.56622e+003, 6.83207e+003, 9.48587e+003
 0,  14,       -3.93,        0.00,   0,0, 48820628.400,133340.6284,    0.1, 4.25505e+002,-9.41319e+001,-3.20144e+002, 1.96892e+002, 1.27322e+002, 6.24085e+002,-3.17414e+002, 1.82687e+003, 1.50214e+003, 6.79837e+003, 9.35208e+003
 0,  15,       -4.21,        0.00,   0,0, 48820728.400,133340.7284,    0.4, 4.36813e+002,-1.18413e+002,-3.44220e+002, 2.04560e+002, 1.92013e+002, 5.53248e+002,-3.22711e+002, 1.82001e+003, 1.49886e+003, 6.80319e+003, 9.26260e+003
 0,  16,       -4.49,        0.00,   0,0, 48820828.400,133340.8284,    0.5, 4.56116e+002,-1.15161e+002,-3.48317e+002, 1.97064e+002, 1.58341e+002, 5.29875e+002,-3.10077e+002, 1.81039e+003, 1.53114e+003, 6.83834e+003, 9.26052e+003
 0,  17,       -4.78,        0.00,   0,0, 48820928.400,133340.9284,    1.5, 4.32056e+002,-1.55903e+002,-3.72373e+002, 1.62348e+002, 1.29680e+002, 5.42606e+002,-2.73092e+002, 1.81245e+003, 1.52681e+003, 6.75910e+003, 9.12060e+003
 0,  18,       -5.06,        0.00,   0,0, 48821028.400,133341.0284,    1.5, 3.07670e+002,-1.05608e+002,-3.64659e+002, 1.19137e+002, 1.23151e+002, 5.49752e+002,-2.25547e+002, 1.80929e+003, 1.53419e+003, 6.72270e+003, 9.09528e+003
 0,  19,       -5.34,        0.00,   0,0, 48821128.400,133341.1284,    4.0, 3.73214e+002,-1.38762e+002,-2.66215e+002, 2.24083e+002, 1.18688e+002, 5.04487e+002,-2.47984e+002, 1.80635e+003, 1.49067e+003, 6.75472e+003, 9.15088e+003
 0,  20,       -5.62,        0.00,   0,0, 48821228.400,133341.2284,    5.1, 4.05346e+002,-1.69221e+002,-2.83641e+002, 2.17166e+002, 1.00802e+002, 4.98724e+002,-2.97006e+002, 1.82090e+003, 1.50594e+003, 6.76931e+003, 9.13688e+003
 0,  21,       -5.90,        0.00,   0,0, 48821328.400,133341.3284,    2.7, 1.64952e+002, 1.18031e+002,-4.26738e+002, 1.21284e+002, 1.15415e+002, 5.37959e+002,-2.71657e+002, 1.79829e+003, 1.54137e+003, 6.74762e+003, 9.32318e+003
 0,  22,       -6.18,        0.00,   0,0, 48821428.400,133341.4284,    0.4, 1.75844e+002, 2.07985e+002,-4.22141e+002, 1.01652e+002, 1.61534e+002, 5.53847e+002,-2.24934e+002, 1.77901e+003, 1.55430e+003, 6.74015e+003, 9.38264e+003
 0,  23,       -6.46,        0.00,   0,0, 48821528.400,133341.5284,    2.0, 3.72495e+002,-2.65473e+001,-3.31335e+002, 1.47120e+002, 1.34673e+002, 5.59696e+002,-1.93811e+002, 1.80784e+003, 1.62242e+003, 6.77208e+003, 9.26018e+003
 0,  24,       -6.74,        0.00,   0,0, 48821628.400,133341.6284,    1.6, 4.27691e+002,-1.65836e+002,-2.61279e+002, 2.19536e+002, 1.21482e+002, 5.55947e+002,-1.81035e+002, 1.83912e+003, 1.58819e+003, 6.77211e+003, 9.22087e+003
 0,  25,       -7.02,        0.00,   0,0, 48821728.400,133341.7284,   17.0, 4.67093e+002,-2.06668e+002,-2.58270e+002, 2.47693e+002, 1.33953e+002, 5.35742e+002,-1.87156e+002, 1.85112e+003, 1.53611e+003, 6.77667e+003, 9.20456e+003
 0,  26,       -7.30,        0.00,   0,0, 48821828.400,133341.8284,    7.1, 5.27202e+002,-1.87351e+002,-2.65704e+002, 2.65631e+002, 1.64382e+002, 5.29759e+002,-2.32129e+002, 1.83180e+003, 1.55045e+003, 6.80253e+003, 9.24237e+003
 0,  27,       -7.58,        0.00,   0,0, 48821928.400,133341.9284,    2.3, 4.43153e+002, 9.39946e+001,-3.05406e+002, 2.31407e+002, 1.85819e+002, 5.86082e+002,-2.67056e+002, 1.80133e+003, 1.58280e+003, 6.78003e+003, 9.49284e+003
 0,  28,       -7.87,        0.00,   0,0, 48822028.400,133342.0284,    1.4, 3.52534e+002, 1.91580e+001,-3.47384e+002, 1.63826e+002, 1.27986e+002, 5.66848e+002,-2.37425e+002, 1.78340e+003, 1.62252e+003, 6.75661e+003, 9.28985e+003
 0,  29,       -8.15,        0.00,   0,0, 48822128.400,133342.1284,    0.9, 3.46328e+002,-1.15528e+002,-3.34778e+002, 2.11423e+002, 7.07656e+001, 5.46040e+002,-2.00742e+002, 1.79393e+003, 1.58943e+003, 6.76590e+003, 9.20176e+003
 0,  30,       -8.43,        0.00,   0,0, 48822228.400,133342.2284,    2.0, 4.22566e+002,-1.26249e+002,-3.40636e+002, 1.53390e+002, 7.37432e+001, 5.68256e+002,-1.96221e+002, 1.78117e+003, 1.55041e+003, 6.84915e+003, 9.22571e+003
 0,  31,       -8.71,        0.00,   0,0, 48822328.400,133342.3284,    2.9, 4.60636e+002,-1.75501e+002,-3.47051e+002, 1.32749e+002, 1.15317e+002, 6.30628e+002,-1.97152e+002, 1.76445e+003, 1.62717e+003, 6.98225e+003, 9.33457e+003
 0,  32,       -8.99,        0.00,   0,0, 48822428.400,133342.4284,    4.2, 4.38327e+002,-2.16527e+002,-3.42964e+002, 1.85959e+002, 9.37950e+001, 6.42583e+002,-2.21813e+002, 1.81113e+003, 1.72574e+003, 7.11680e+003, 9.53994e+003
 0,  33,       -9.27,        0.00,   0,0, 48822528.400,133342.5284,    2.4, 4.13983e+002,-2.23818e+002,-3.43552e+002, 1.85453e+002, 1.14203e+002, 5.46380e+002,-2.22941e+002, 1.89267e+003, 1.71807e+003, 7.16192e+003, 9.56261e+003
 0,  34,       -9.55,        0.00,   0,0, 48822628.400,133342.6284,    1.2, 2.76710e+002, 9.96737e+000,-3.86152e+002, 2.04775e+002, 1.42684e+002, 5.99274e+002,-1.91448e+002, 1.98306e+003, 1.68486e+003, 7.16130e+003, 9.95839e+003
 0,  35,       -9.83,        0.00,   0,0, 48822728.400,133342.7284,    0.7, 3.38045e+002,-4.59286e+001,-4.03717e+002, 2.28235e+002, 1.28973e+002, 6.35276e+002,-2.07967e+002, 1.99599e+003, 1.66769e+003, 7.16952e+003, 9.98309e+003
 0,  36,      -10.11,        0.00,   0,0, 48822828.400,133342.8284,    4.4, 4.04952e+002,-1.19128e+002,-3.53780e+002, 2.09837e+002, 1.04526e+002, 6.13902e+002,-2.32637e+002, 1.95291e+003, 1.64945e+003, 7.19092e+003, 9.84844e+003
 0,  37,      -10.39,        0.00,   0,0, 48822928.400,133342.9284,    6.9, 4.21840e+002,-1.13046e+002,-2.33888e+002, 2.02219e+002, 9.53344e+001, 6.18483e+002,-2.34485e+002, 1.95909e+003, 1.67217e+003, 7.25283e+003, 9.91958e+003
 0,  38,      -10.67,        0.00,   0,0, 48823028.400,133343.0284,   21.6, 1.66669e+002, 2.83735e+002,-2.65846e+002, 2.12710e+002, 7.83434e+001, 6.69976e+002,-1.96612e+002, 2.00046e+003, 1.74929e+003, 7.40841e+003, 1.05753e+004
 0,  39,      -10.96,        0.00,   0,0, 48823128.400,133343.1284,    7.9, 8.33699e+001, 4.68073e+002,-3.50747e+002, 2.09833e+002, 4.79953e+001, 7.01135e+002,-1.91552e+002, 2.04068e+003, 1.75639e+003, 7.47546e+003, 1.08952e+004
 0,  40,      -11.24,        0.00,   0,0, 48823228.400,133343.2284,    4.6, 3.27346e+002,-7.70212e+001,-3.01187e+002, 2.73718e+002, 9.26265e+001, 5.98610e+002,-2.35244e+002, 2.02344e+003, 1.72616e+003, 7.41851e+003, 1.02373e+004
 0,  41,      -11.52,        0.00,   0,0, 48823328.400,133343.3284,    1.1, 4.00429e+002,-1.00596e+002,-2.69592e+002, 2.68075e+002, 1.72993e+002, 5.24378e+002,-2.35716e+002, 1.97243e+003, 1.71841e+003, 7.40368e+003, 1.00680e+004
 0,  42,      -11.80,        0.00,   0,0, 48823428.400,133343.4284,    1.1, 2.97869e+002, 3.55185e+001,-3.87208e+002, 2.49376e+002, 1.85763e+002, 5.63166e+002,-1.90773e+002, 1.97953e+003, 1.66943e+003, 7.29402e+003, 1.01216e+004
 0,  43,      -12.08,        0.00,   0,0, 48823528.400,133343.5284,    1.8, 2.26052e+002, 1.75875e+001,-4.36848e+002, 2.64393e+002, 1.80998e+002, 6.14466e+002,-1.53392e+002, 1.99537e+003, 1.60829e+003, 7.18682e+003, 1.00786e+004
 0,  44,      -12.36,        0.00,   0,0, 48823628.400,133343.6284,    2.3, 3.38019e+002,-1.09710e+002,-3.94220e+002, 2.91898e+002, 1.46779e+002, 6.17822e+002,-1.40409e+002, 1.96022e+003, 1.63307e+003, 7.25714e+003, 1.00174e+004
 0,  45,      -12.64,        0.00,   0,0, 48823728.400,133343.7284,    2.6, 4.39559e+002,-1.50898e+002,-3.09697e+002, 2.63689e+002, 1.02827e+002, 6.04887e+002,-2.09467e+002, 1.90649e+003, 1.70342e+003, 7.35707e+003, 9.98124e+003
 0,  46,      -12.92,        0.00,   0,0, 48823828.400,133343.8284,    1.8, 3.42800e+002,-1.35405e+001,-3.45731e+002, 1.90734e+002, 9.90292e+001, 6.04257e+002,-2.99843e+002, 1.95418e+003, 1.74048e+003, 7.39157e+003, 1.01272e+004
 0,  47,      -13.20,        0.00,   0,0, 48823928.400,133343.9284,    2.6, 3.44283e+002,-3.42325e+001,-4.13851e+002, 1.84301e+002, 1.09019e+002, 5.81694e+002,-3.19512e+002, 1.94023e+003, 1.74664e+003, 7.36616e+003, 1.00381e+004
 0,  48,      -13.48,        0.00,   0,0, 48824028.400,133344.0284,    1.4, 2.99126e+002,-8.55549e-001,-4.13503e+002, 1.91349e+002, 1.60435e+002, 6.44159e+002,-3.03181e+002, 1.91492e+003, 1.68970e+003, 7.32497e+003, 1.00745e+004
 0,  49,      -13.76,        0.00,   0,0, 48824128.400,133344.1284,    4.0, 2.84438e+002,-5.15951e+001,-3.96300e+002, 2.41323e+002, 2.12118e+002, 6.58552e+002,-2.09499e+002, 1.98537e+003, 1.66834e+003, 7.32297e+003, 1.01566e+004
 0,  50,      -14.04,        0.00,   0,0, 48824228.400,133344.2284,    5.0, 4.00197e+002,-1.08771e+002,-3.53260e+002, 2.91143e+002, 1.80932e+002, 6.11429e+002,-1.47849e+002, 2.06318e+003, 1.68650e+003, 7.35386e+003, 1.02108e+004
 0,  51,      -14.33,        0.00,   0,0, 48824328.500,133344.3285,   11.5, 2.68640e+002, 1.65797e+002,-3.19601e+002, 2.07057e+002, 1.27899e+002, 5.97588e+002,-1.22317e+002, 2.07682e+003, 1.66005e+003, 7.48158e+003, 1.05288e+004
 0,  52,      -14.61,        0.00,   0,0, 48824428.400,133344.4284,   17.1, 2.68225e+002, 7.96845e+001,-2.81600e+002, 1.84229e+002, 1.43275e+002, 5.58590e+002,-1.77767e+002, 2.04236e+003, 1.70999e+003, 7.57404e+003, 1.04389e+004
 0,  53,      -14.89,        0.00,   0,0, 48824528.500,133344.5285,    8.5, 5.04609e+002,-4.91716e+002,-2.24802e+002, 3.03182e+002, 1.64364e+002, 5.57580e+002,-2.29970e+002, 2.04216e+003, 1.80386e+003, 7.60649e+003, 1.00177e+004
 0,  54,      -15.17,        0.00,   0,0, 48824628.400,133344.6284,    2.4, 5.60451e+002,-4.08758e+002,-2.31902e+002, 2.36294e+002, 1.56182e+002, 6.24652e+002,-2.30017e+002, 2.07338e+003, 1.85329e+003, 7.53331e+003, 1.00589e+004
 0,  55,      -15.45,        0.00,   0,0, 48824728.500,133344.7285,    1.2, 5.30539e+002,-2.98315e+002,-2.53640e+002, 2.38467e+002, 1.29539e+002, 6.48561e+002,-2.15804e+002, 2.06967e+003, 1.85291e+003, 7.46615e+003, 1.01245e+004
 0,  56,      -15.73,        0.00,   0,0, 48824828.400,133344.8284,    1.8, 4.00842e+002,-1.58387e+002,-3.14987e+002, 2.14537e+002, 1.64375e+002, 5.85303e+002,-1.80402e+002, 2.02430e+003, 1.87802e+003, 7.40234e+003, 1.00681e+004
 0,  57,      -16.01,        0.00,   0,0, 48824928.400,133344.9284,    4.7, 3.54139e+002,-7.89407e-001,-3.81794e+002, 1.96672e+002, 2.11008e+002, 5.52268e+002,-1.49165e+002, 2.03201e+003, 1.90548e+003, 7.39831e+003, 1.01785e+004
 0,  58,      -16.29,        0.00,   0,0, 48825028.500,133345.0285,    1.1, 4.72485e+002,-7.81163e+001,-3.41582e+002, 2.58258e+002, 2.53993e+002, 6.22724e+002,-1.34149e+002, 2.05376e+003, 1.91334e+003, 7.49816e+003, 1.03548e+004
 0,  59,      -16.57,        0.00,   0,0, 48825128.500,133345.1285,    3.9, 5.16133e+002,-1.89254e+002,-3.01879e+002, 2.73442e+002, 2.54337e+002, 6.64714e+002,-1.03823e+002, 2.08958e+003, 1.93819e+003, 7.53667e+003, 1.03752e+004
 0,  60,      -16.85,        0.00,   0,0, 48825228.400,133345.2284,    2.6, 3.03184e+002, 4.47184e+001,-3.52928e+002, 2.79477e+002, 2.17254e+002, 6.76395e+002,-7.39784e+001, 2.05869e+003, 1.99467e+003, 7.43248e+003, 1.04918e+004
 0,  61,      -17.13,        0.00,   0,0, 48825328.500,133345.3285,    1.9, 2.61800e+002, 1.83852e+002,-2.87377e+002, 3.22412e+002, 2.66085e+002, 6.90302e+002,-6.42374e+001, 2.02368e+003, 2.00006e+003, 7.34365e+003, 1.05639e+004
 0,  62,      -17.42,        0.00,   0,0, 48825428.500,133345.4285,    1.3, 4.23776e+002,-4.24718e+001,-1.47085e+002, 3.45036e+002, 3.38625e+002, 6.75495e+002,-3.75374e+001, 2.03566e+003, 1.99307e+003, 7.38520e+003, 1.03989e+004
 0,  63,      -17.70,        0.00,   0,0, 48825528.500,133345.5285,    2.8, 4.56133e+002,-1.63304e+001,-2.02531e+002, 2.68692e+002, 3.33948e+002, 6.71490e+002,-1.54156e+001, 2.02955e+003, 2.02309e+003, 7.46845e+003, 1.04218e+004
 0,  64,      -17.98,        0.00,   0,0, 48825628.500,133345.6285,   14.7, 3.62912e+002, 2.32982e+002,-3.11818e+002, 2.79942e+002, 2.95873e+002, 7.23235e+002, 1.10103e+001, 2.07243e+003, 2.02071e+003, 7.53313e+003, 1.08417e+004
 0,  65,      -18.26,        0.00,   0,0, 48825728.500,133345.7285,    5.3, 2.47313e+002, 4.38483e+002,-3.70104e+002, 3.42983e+002, 2.88056e+002, 6.93115e+002, 1.34306e+001, 2.12480e+003, 1.98900e+003, 7.58688e+003, 1.11863e+004
 0,  66,      -18.54,        0.00,   0,0, 48825828.500,133345.8285,    1.3, 3.74184e+002, 3.40300e+001,-2.09791e+002, 3.51061e+002, 2.88078e+002, 5.64608e+002,-1.23849e+001, 2.10738e+003, 1.99767e+003, 7.62175e+003, 1.06788e+004
 0,  67,      -18.82,        0.00,   0,0, 48825928.500,133345.9285,    1.9, 3.84665e+002,-8.47059e+001,-1.83771e+002, 3.54874e+002, 2.80059e+002, 5.92099e+002,-1.42855e+001, 2.09443e+003, 2.00649e+003, 7.62892e+003, 1.05856e+004
 0,  68,      -19.10,        0.00,   0,0, 48826028.500,133346.0285,    1.0, 2.70555e+002, 7.31770e+001,-2.78127e+002, 3.46433e+002, 3.13392e+002, 6.37672e+002,-1.60155e+001, 2.08728e+003, 2.01273e+003, 7.52317e+003, 1.06677e+004
 0,  69,      -19.38,        0.00,   0,0, 48826128.500,133346.1285,    0.9, 2.70819e+002, 1.01261e+002,-3.30285e+002, 2.93394e+002, 3.59932e+002, 6.48412e+002,-2.90983e+001, 2.07303e+003, 2.00461e+003, 7.47166e+003, 1.05878e+004
 0,  70,      -19.66,        0.00,   0,0, 48826228.500,133346.2285,    5.0, 4.13778e+002, 3.83952e+000,-2.94858e+002, 3.54340e+002, 3.56517e+002, 6.51818e+002,-5.63923e+001, 2.10361e+003, 1.97942e+003, 7.54583e+003, 1.06594e+004
 0,  71,      -19.94,        0.00,   0,0, 48826328.500,133346.3285,    2.2, 5.60361e+002,-2.20659e+002,-1.68005e+002, 4.30653e+002, 3.53702e+002, 6.19539e+002,-7.30381e+001, 2.14822e+003, 1.99055e+003, 7.61198e+003, 1.05897e+004
 0,  72,      -20.22,        0.00,   0,0, 48826428.500,133346.4285,    5.3, 5.25395e+002,-2.68511e+002,-1.93547e+002, 3.86493e+002, 3.47528e+002, 6.19254e+002,-6.74874e+001, 2.09703e+003, 1.99641e+003, 7.61449e+003, 1.04488e+004
 0,  73,      -20.51,        0.00,   0,0, 48826528.500,133346.5285,    1.8, 2.72660e+002, 1.24347e+002,-4.06932e+002, 3.04154e+002, 3.10038e+002, 7.06756e+002,-5.12660e+001, 2.06490e+003, 1.99399e+003, 7.61888e+003, 1.08190e+004
 0,  74,      -20.79,        0.00,   0,0, 48826628.500,133346.6285,    1.7, 1.75771e+002, 1.50282e+002,-4.02870e+002, 2.58195e+002, 2.44496e+002, 7.55756e+002,-4.99760e+001, 2.06185e+003, 1.99794e+003, 7.60498e+003, 1.08311e+004
 0,  75,      -21.07,        0.00,   0,0, 48826728.500,133346.7285,    1.9, 2.60665e+002,-6.78051e+001,-3.03557e+002, 2.96531e+002, 1.60020e+002, 6.97737e+002,-9.18307e+001, 2.06239e+003, 2.00189e+003, 7.58067e+003, 1.05695e+004
 0,  76,      -21.35,        0.00,   0,0, 48826828.500,133346.8285,    5.3, 3.24550e+002,-7.68383e+001,-2.92116e+002, 3.34647e+002, 1.21058e+002, 6.12316e+002,-9.54394e+001, 2.13340e+003, 2.00508e+003, 7.62570e+003, 1.06292e+004
 0,  77,      -21.63,        0.00,   0,0, 48826928.500,133346.9285,   11.3, 2.42998e+002, 1.37909e+002,-3.21108e+002, 3.12140e+002, 2.07531e+002, 6.70794e+002,-1.15434e+002, 2.17533e+003, 1.95691e+003, 7.75261e+003, 1.10488e+004
 0,  78,      -21.91,        0.00,   0,0, 48827028.500,133347.0285,    1.3, 2.62416e+002, 1.12928e+002,-3.47630e+002, 3.03925e+002, 2.78655e+002, 6.77230e+002,-1.11978e+002, 2.20077e+003, 1.91051e+003, 7.80456e+003, 1.10994e+004
 0,  79,      -22.19,        0.00,   0,0, 48827128.500,133347.1285,    2.9, 3.69824e+002,-7.48646e+001,-3.79875e+002, 2.47250e+002, 2.17695e+002, 6.20230e+002,-9.53911e+001, 2.19893e+003, 1.90174e+003, 7.78732e+003, 1.07789e+004
 0,  80,      -22.47,        0.00,   0,0, 48827228.500,133347.2285,    0.8, 3.57996e+002, 1.64705e+001,-3.80023e+002, 2.10383e+002, 1.54786e+002, 6.37840e+002,-1.45189e+002, 2.16401e+003, 1.91054e+003, 7.76715e+003, 1.07959e+004
 0,  81,      -22.75,        0.00,   0,0, 48827328.500,133347.3285,    1.5, 3.67418e+002, 4.75483e+001,-3.12425e+002, 2.20448e+002, 1.28947e+002, 6.21380e+002,-1.66787e+002, 2.12576e+003, 1.92828e+003, 7.76095e+003, 1.07761e+004
 0,  82,      -23.03,        0.00,   0,0, 48827428.500,133347.4285,    0.8, 4.02124e+002, 2.91864e+000,-2.88688e+002, 2.09601e+002, 1.23457e+002, 6.29434e+002,-1.16930e+002, 2.07915e+003, 1.92619e+003, 7.71688e+003, 1.06380e+004
 0,  83,      -23.31,        0.00,   0,0, 48827528.500,133347.5285,    5.2, 4.61904e+002,-1.46147e+002,-2.31518e+002, 2.29978e+002, 1.16344e+002, 6.71910e+002,-1.08664e+002, 2.05201e+003, 1.92775e+003, 7.68627e+003, 1.04940e+004
 0,  84,      -23.60,        0.00,   0,0, 48827628.500,133347.6285,    3.6, 5.02965e+002,-3.53078e+002,-1.61285e+002, 3.26706e+002, 1.07449e+002, 6.85012e+002,-1.58941e+002, 2.08336e+003, 1.97315e+003, 7.71735e+003, 1.04594e+004
 0,  85,      -23.88,        0.00,   0,0, 48827728.500,133347.7285,    1.0, 3.17371e+002,-1.28717e+002,-2.72087e+002, 3.20537e+002, 1.47909e+002, 6.96853e+002,-1.47919e+002, 2.11553e+003, 2.01293e+003, 7.76886e+003, 1.07731e+004
 0,  86,      -24.16,        0.00,   0,0, 48827828.500,133347.8285,    1.5, 1.75839e+002, 1.20258e+002,-4.04760e+002, 2.32485e+002, 1.56678e+002, 7.30783e+002,-1.10690e+002, 2.14184e+003, 2.01609e+003, 7.71790e+003, 1.09433e+004
 0,  87,      -24.44,        0.00,   0,0, 48827928.500,133347.9285,    0.9, 2.31418e+002, 9.90307e+001,-3.91427e+002, 2.66955e+002, 1.10884e+002, 7.29115e+002,-1.56245e+002, 2.15550e+003, 1.95241e+003, 7.66524e+003, 1.09158e+004
 0,  88,      -24.72,        0.00,   0,0, 48828028.500,133348.0285,    1.2, 2.79526e+002,-3.57197e+001,-3.54668e+002, 3.21897e+002, 7.40260e+001, 6.36045e+002,-1.73955e+002, 2.13018e+003, 1.87961e+003, 7.68309e+003, 1.07355e+004
 0,  89,      -25.00,        0.00,   0,0, 48828128.500,133348.1285,    1.6, 2.96328e+002,-2.09823e+002,-3.86316e+002, 3.11773e+002, 9.60798e+001, 6.23138e+002,-1.53956e+002, 2.10974e+003, 1.91771e+003, 7.71845e+003, 1.05533e+004
 1,   0,      -25.00,        5.00,   0,0, 48841228.500,133401.2285,    0.5, 3.46732e+002,-3.96620e+001,-3.29226e+002, 2.44638e+002, 8.57609e+001, 7.62521e+002,-1.78962e+002, 2.18288e+003, 1.95039e+003, 7.91144e+003, 1.10618e+004
 1,   1,      -24.68,        5.00,   0,0, 48841328.500,133401.3285,    0.2, 3.72049e+002,-1.58645e+002,-3.09054e+002, 2.26268e+002, 8.18156e+001, 7.06905e+002,-1.32153e+002, 2.17197e+003, 1.94249e+003, 7.87309e+003, 1.08196e+004
 1,   2,      -24.36,        5.00,   0,0, 48841428.500,133401.4285,    0.5, 4.16246e+002,-1.50896e+002,-3.16885e+002, 2.25448e+002, 1.21421e+002, 6.82883e+002,-1.02716e+002, 2.18577e+003, 1.97439e+003, 7.90092e+003, 1.08441e+004
 1,   3,      -24.04,        5.00,   0,0, 48841528.500,133401.5285,    0.6, 4.08409e+002,-1.10314e+002,-3.52796e+002, 2.12967e+002, 2.30795e+002, 6.93471e+002,-1.52429e+002, 2.15111e+003, 1.98669e+003, 7.93424e+003, 1.08815e+004
 1,   4,      -23.72,        5.00,   0,0, 48841628.500,133401.6285,    0.8, 3.43822e+002,-8.24546e+001,-3.69914e+002, 2.27912e+002, 2.31265e+002, 7.16865e+002,-1.81147e+002, 2.13720e+003, 1.94888e+003, 7.91667e+003, 1.09162e+004
 1,   5,      -23.40,        5.00,   0,0, 48841728.500,133401.7285,    0.6, 2.98450e+002,-1.16993e+002,-3.60062e+002, 2.95675e+002, 2.02093e+002, 7.05355e+002,-1.85886e+002, 2.16476e+003, 1.96899e+003, 7.89956e+003, 1.09484e+004
 1,   6,      -23.08,        5.00,   0,0, 48841828.500,133401.8285,    1.2, 3.21183e+002,-1.34358e+002,-3.68332e+002, 3.14945e+002, 1.59039e+002, 6.87602e+002,-1.95100e+002, 2.17189e+003, 1.98045e+003, 7.87545e+003, 1.09155e+004
 1,   7,      -22.76,        5.00,   0,0, 48841928.500,133401.9285,    0.8, 3.17739e+002,-1.29492e+002,-3.66868e+002, 2.88141e+002, 1.39388e+002, 7.00992e+002,-2.35382e+002, 2.18288e+003, 1.92709e+003, 7.83702e+003, 1.08796e+004
 1,   8,      -22.44,        5.00,   0,0, 48842028.500,133402.0285,    3.4, 2.82860e+002,-8.76951e+001,-3.09005e+002, 2.24516e+002, 1.54424e+002, 7.16285e+002,-2.36087e+002, 2.13359e+003, 1.90902e+003, 7.85427e+003, 1.08410e+004
 1,   9,      -22.12,        5.00,   0,0, 48842128.500,133402.1285,    6.9, 2.08381e+002, 1.06824e+002,-3.80968e+002, 2.04360e+002, 1.45752e+002, 6.95817e+002,-1.91451e+002, 2.09638e+003, 1.96649e+003, 7.88518e+003, 1.09886e+004
 1,  10,      -21.79,        5.00,   0,0, 48842228.500,133402.2285,    4.0, 3.66304e+002,-1.61157e+002,-3.48559e+002, 2.50075e+002, 1.34944e+002, 6.56577e+002,-1.55791e+002, 2.15313e+003, 2.00843e+003, 7.84267e+003, 1.07413e+004
 1,  11,      -21.47,        5.00,   0,0, 48842328.500,133402.3285,    1.7, 5.73625e+002,-4.85220e+002,-2.83990e+002, 2.76774e+002, 1.49114e+002, 6.16949e+002,-1.45209e+002, 2.17250e+003, 1.96056e+003, 7.78285e+003, 1.03638e+004
 1,  12,      -21.15,        5.00,   0,0, 48842428.500,133402.4285,    1.0, 4.70607e+002,-1.72648e+002,-4.26324e+002, 2.56667e+002, 1.25588e+002, 6.34789e+002,-1.67834e+002, 2.16031e+003, 1.87447e+003, 7.81001e+003, 1.06891e+004
 1,  13,      -20.83,        5.00,   0,0, 48842528.500,133402.5285,    3.9, 4.26229e+002,-7.17519e+001,-3.99894e+002, 2.25895e+002, 1.23941e+002, 6.39611e+002,-1.80815e+002, 2.16162e+003, 1.87868e+003, 7.78873e+003, 1.07441e+004
 1,  14,      -20.51,        5.00,   0,0, 48842628.500,133402.6285,    7.2, 3.71976e+002,-5.54653e+001,-3.06664e+002, 1.84663e+002, 1.63058e+002, 6.45354e+002,-1.58242e+002, 2.17482e+003, 1.89830e+003, 7.75144e+003, 1.07008e+004
 1,  15,      -20.19,        5.00,   0,0, 48842728.500,133402.7285,    1.1, 2.20468e+002, 1.22437e+002,-4.37664e+002, 1.54996e+002, 1.48257e+002, 6.91457e+002,-1.56866e+002, 2.17342e+003, 1.90917e+003, 7.76825e+003, 1.09106e+004
 1,  16,      -19.87,        5.00,   0,0, 48842828.500,133402.8285,    0.8, 2.58539e+002, 4.78976e+001,-4.43535e+002, 1.64926e+002, 1.19149e+002, 7.18745e+002,-2.17395e+002, 2.15602e+003, 1.89997e+003, 7.76644e+003, 1.08540e+004
 1,  17,      -19.55,        5.00,   0,0, 48842928.500,133402.9285,    1.3, 4.02691e+002,-1.38980e+002,-3.38020e+002, 1.89130e+002, 8.30722e+001, 7.20286e+002,-2.23557e+002, 2.17540e+003, 1.88844e+003, 7.70029e+003, 1.06461e+004
 1,  18,      -19.23,        5.00,   0,0, 48843028.500,133403.0285,    1.0, 4.29160e+002,-1.83067e+002,-2.76946e+002, 2.42850e+002, 6.35247e+001, 7.03421e+002,-1.82663e+002, 2.14742e+003, 1.89719e+003, 7.60508e+003, 1.05157e+004
 1,  19,      -18.91,        5.00,   0,0, 48843128.500,133403.1285,    0.3, 4.26224e+002,-1.72437e+002,-2.45990e+002, 3.00574e+002, 1.10300e+002, 6.73340e+002,-1.78761e+002, 2.11303e+003, 1.86185e+003, 7.59109e+003, 1.05056e+004
 1,  20,      -18.59,        5.00,   0,0, 48843228.500,133403.2285,    5.6, 3.35110e+002,-4.75964e+001,-2.45968e+002, 2.60904e+002, 1.65852e+002, 6.40774e+002,-1.86839e+002, 2.09508e+003, 1.82973e+003, 7.61165e+003, 1.05608e+004
 1,  21,      -18.27,        5.00,   0,0, 48843328.500,133403.3285,    5.9, 1.95699e+002, 1.94081e+002,-3.43273e+002, 1.91098e+002, 1.86730e+002, 7.18789e+002,-1.68258e+002, 2.10732e+003, 1.89109e+003, 7.74130e+003, 1.09526e+004
 1,  22,      -17.95,        5.00,   0,0, 48843428.600,133403.4286,    5.3, 3.04225e+002, 1.16280e+002,-4.05177e+002, 2.37201e+002, 1.62157e+002, 7.76915e+002,-1.36089e+002, 2.21143e+003, 1.93507e+003, 7.88711e+003, 1.12289e+004
 1,  23,      -17.63,        5.00,   0,0, 48843528.500,133403.5285,    2.1, 5.41222e+002,-3.57364e+002,-2.32960e+002, 2.66050e+002, 1.19705e+002, 7.31381e+002,-1.41570e+002, 2.22572e+003, 1.92627e+003, 7.94569e+003, 1.08115e+004
 1,  24,      -17.31,        5.00,   0,0, 48843628.600,133403.6286,    2.5, 4.16606e+002,-1.30965e+002,-3.39414e+002, 2.32895e+002, 1.31487e+002, 6.74460e+002,-1.74920e+002, 2.15082e+003, 1.92072e+003, 7.92132e+003, 1.08485e+004
 1,  25,      -16.99,        5.00,   0,0, 48843728.600,133403.7286,    2.0, 4.01261e+002,-7.42148e+001,-3.47289e+002, 2.38168e+002, 1.87756e+002, 6.68055e+002,-1.92737e+002, 2.14602e+003, 1.99166e+003, 7.87561e+003, 1.08536e+004
 1,  26,      -16.67,        5.00,   0,0, 48843828.600,133403.8286,    5.0, 4.73004e+002,-1.76007e+002,-3.14139e+002, 2.69624e+002, 2.24661e+002, 6.96159e+002,-2.06774e+002, 2.21148e+003, 2.01737e+003, 7.92587e+003, 1.09271e+004
 1,  27,      -16.35,        5.00,   0,0, 48843928.600,133403.9286,    8.0, 5.63323e+002,-3.23242e+002,-3.08772e+002, 2.91589e+002, 1.43807e+002, 7.08966e+002,-1.83955e+002, 2.24434e+003, 1.95458e+003, 8.07663e+003, 1.09983e+004
 1,  28,      -16.03,        5.00,   0,0, 48844028.600,133404.0286,    3.1, 3.24131e+002,-5.09612e+001,-3.25126e+002, 2.46964e+002, 1.21308e+002, 7.15584e+002,-1.75934e+002, 2.23090e+003, 1.89509e+003, 8.10475e+003, 1.12472e+004
 1,  29,      -15.71,        5.00,   0,0, 48844128.600,133404.1286,    2.2, 2.30612e+002, 5.37553e+001,-3.23220e+002, 2.21105e+002, 1.64486e+002, 7.24933e+002,-1.59552e+002, 2.18878e+003, 1.89313e+003, 7.99492e+003, 1.11835e+004
 1,  30,      -15.38,        5.00,   0,0, 48844228.600,133404.2286,    1.6, 3.77050e+002,-1.85995e+002,-2.94872e+002, 2.88570e+002, 1.63177e+002, 7.08401e+002,-1.43161e+002, 2.14277e+003, 1.92898e+003, 7.90351e+003, 1.08573e+004
 1,  31,      -15.06,        5.00,   0,0, 48844328.600,133404.3286,    2.6, 4.65561e+002,-2.27362e+002,-3.15105e+002, 3.02164e+002, 1.69906e+002, 6.81778e+002,-1.41383e+002, 2.14872e+003, 1.93639e+003, 7.87511e+003, 1.07804e+004
 1,  32,      -14.74,        5.00,   0,0, 48844428.600,133404.4286,    1.9, 3.78044e+002,-1.07090e+002,-3.39843e+002, 2.57445e+002, 2.22144e+002, 6.96147e+002,-8.80646e+001, 2.17527e+003, 1.95362e+003, 7.81401e+003, 1.08358e+004
 1,  33,      -14.42,        5.00,   0,0, 48844528.600,133404.5286,    5.2, 2.63589e+002, 1.13375e+002,-3.43778e+002, 2.30389e+002, 1.99256e+002, 7.83320e+002,-8.75159e+001, 2.23168e+003, 2.01341e+003, 7.76547e+003, 1.11242e+004
 1,  34,      -14.10,        5.00,   0,0, 48844628.600,133404.6286,    3.8, 2.08372e+002, 1.28257e+002,-2.97679e+002, 2.46894e+002, 1.67219e+002, 7.74520e+002,-8.06602e+001, 2.26586e+003, 2.03362e+003, 7.82820e+003, 1.12437e+004
 1,  35,      -13.78,        5.00,   0,0, 48844728.600,133404.7286,    6.5, 3.19273e+002,-4.45544e+001,-2.51066e+002, 2.70195e+002, 1.67880e+002, 6.48261e+002,-5.63001e+001, 2.24796e+003, 2.00910e+003, 7.83267e+003, 1.09545e+004
 1,  36,      -13.46,        5.00,   0,0, 48844828.600,133404.8286,    4.4, 3.95768e+002,-7.86596e+001,-3.16806e+002, 2.45170e+002, 1.56793e+002, 5.82792e+002,-1.04641e+002, 2.16667e+003, 1.98202e+003, 7.75957e+003, 1.06755e+004
 1,  37,      -13.14,        5.00,   0,0, 48844928.600,133404.9286,    0.7, 3.45343e+002, 1.35990e+002,-4.00964e+002, 2.08690e+002, 1.22429e+002, 6.48195e+002,-1.42626e+002, 2.13263e+003, 1.96963e+003, 7.74082e+003, 1.08663e+004
 1,  38,      -12.82,        5.00,   0,0, 48845028.600,133405.0286,    3.7, 4.13951e+002, 5.66896e+001,-3.75811e+002, 2.19914e+002, 9.85956e+001, 5.85676e+002,-1.46837e+002, 2.16979e+003, 1.93543e+003, 7.74351e+003, 1.07756e+004
 1,  39,      -12.50,        5.00,   0,0, 48845128.600,133405.1286,   13.0, 5.30344e+002,-2.10204e+002,-2.76059e+002, 2.45932e+002, 1.42614e+002, 5.38227e+002,-1.60451e+002, 2.22022e+003, 1.82616e+003, 7.87964e+003, 1.06738e+004
 1,  40,      -12.18,        5.00,   0,0, 48845228.600,133405.2286,   23.1, 3.86102e+002,-2.50973e+001,-3.59938e+002, 2.23252e+002, 1.13335e+002, 6.78541e+002,-8.47201e+001, 2.23205e+003, 1.82781e+003, 7.96534e+003, 1.10741e+004
 1,  41,      -11.86,        5.00,   0,0, 48845328.600,133405.3286,    6.8, 3.00150e+002, 2.20039e+002,-4.76653e+002, 1.99737e+002, 8.07399e+001, 7.67448e+002,-8.11770e+001, 2.25181e+003, 1.86072e+003, 7.89760e+003, 1.13366e+004
 1,  42,      -11.54,        5.00,   0,0, 48845428.600,133405.4286,    5.6, 3.93796e+002, 1.14552e+002,-4.35984e+002, 1.90339e+002, 1.01290e+002, 7.41375e+002,-1.63668e+002, 2.21948e+003, 1.81583e+003, 7.79069e+003, 1.10564e+004
 1,  43,      -11.22,        5.00,   0,0, 48845528.600,133405.5286,    1.9, 4.48146e+002,-1.18129e+002,-3.52295e+002, 2.63750e+002, 1.01947e+002, 7.10216e+002,-2.03287e+002, 2.14029e+003, 1.85205e+003, 7.71359e+003, 1.07097e+004
 1,  44,      -10.90,        5.00,   0,0, 48845628.600,133405.6286,    4.1, 4.28492e+002,-2.62042e+002,-3.39120e+002, 3.16216e+002, 1.03788e+002, 6.44466e+002,-2.08506e+002, 2.08107e+003, 1.88104e+003, 7.70498e+003, 1.04847e+004
 1,  45,      -10.58,        5.00,   0,0, 48845728.600,133405.7286,    7.6, 3.18312e+002,-8.51643e+001,-3.84438e+002, 2.88394e+002, 1.28993e+002, 6.75080e+002,-1.82115e+002, 2.09412e+003, 1.86897e+003, 7.77009e+003, 1.07425e+004
 1,  46,      -10.26,        5.00,   0,0, 48845828.600,133405.8286,    8.3, 1.90266e+002, 2.62752e+002,-3.79784e+002, 3.04736e+002, 2.13214e+002, 7.47742e+002,-1.56235e+002, 2.19544e+003, 1.86953e+003, 7.85935e+003, 1.13700e+004
 1,  47,       -9.94,        5.00,   0,0, 48845928.600,133405.9286,    3.0, 3.23710e+002, 9.67959e+001,-3.11452e+002, 3.52726e+002, 2.09073e+002, 7.18100e+002,-1.72835e+002, 2.26936e+003, 1.90203e+003, 7.87861e+003, 1.13156e+004
 1,  48,       -9.62,        5.00,   0,0, 48846028.600,133406.0286,    1.2, 4.39393e+002,-7.65628e+001,-2.81144e+002, 3.50613e+002, 1.76919e+002, 7.33858e+002,-2.42586e+002, 2.19921e+003, 1.90996e+003, 7.75104e+003, 1.09582e+004
 1,  49,       -9.29,        5.00,   0,0, 48846128.600,133406.1286,    2.7, 3.63725e+002,-5.30810e+001,-3.15073e+002, 3.60959e+002, 2.16668e+002, 7.39626e+002,-2.02009e+002, 2.07938e+003, 1.85754e+003, 7.56813e+003, 1.06950e+004
 1,  50,       -8.97,        5.00,   0,0, 48846228.600,133406.2286,    2.3, 2.87270e+002,-2.12876e+001,-3.81784e+002, 3.46236e+002, 2.36540e+002, 6.84001e+002,-1.84535e+002, 2.07514e+003, 1.83787e+003, 7.53290e+003, 1.06170e+004
 1,  51,       -8.65,        5.00,   0,0, 48846328.600,133406.3286,    7.4, 3.64872e+002,-3.40214e+001,-3.24022e+002, 3.18410e+002, 1.86985e+002, 6.97693e+002,-1.32053e+002, 2.13739e+003, 1.90041e+003, 7.71599e+003, 1.08355e+004
 1,  52,       -8.33,        5.00,   0,0, 48846428.600,133406.4286,    3.9, 4.84316e+002,-1.10892e+002,-2.33245e+002, 2.87039e+002, 9.34909e+001, 6.86727e+002,-1.21056e+002, 2.13761e+003, 1.86138e+003, 7.86118e+003, 1.08617e+004
 1,  53,       -8.01,        5.00,   0,0, 48846528.600,133406.5286,    2.0, 3.50982e+002, 4.07167e+001,-3.91737e+002, 2.38443e+002, 1.06742e+002, 6.73131e+002,-1.64316e+002, 2.10002e+003, 1.77707e+003, 7.80026e+003, 1.08526e+004
 1,  54,       -7.69,        5.00,   0,0, 48846628.600,133406.6286,    1.3, 4.20152e+002,-2.13903e+002,-3.89131e+002, 2.89568e+002, 1.00502e+002, 5.86768e+002,-1.61601e+002, 2.01483e+003, 1.73591e+003, 7.70628e+003, 1.03835e+004
 1,  55,       -7.37,        5.00,   0,0, 48846728.600,133406.7286,    1.2, 4.02917e+002,-2.93585e+002,-3.59325e+002, 2.64643e+002, 9.21947e+001, 5.43151e+002,-1.49355e+002, 1.98517e+003, 1.71039e+003, 7.61496e+003, 1.01143e+004
 1,  56,       -7.05,        5.00,   0,0, 48846828.600,133406.8286,    0.7, 3.63221e+002,-1.88852e+002,-3.49090e+002, 2.75634e+002, 1.54333e+002, 6.14351e+002,-1.30213e+002, 2.03216e+003, 1.73806e+003, 7.55235e+003, 1.02856e+004
 1,  57,       -6.73,        5.00,   0,0, 48846928.600,133406.9286,    4.2, 3.81912e+002,-1.48525e+001,-3.42710e+002, 2.51040e+002, 1.75024e+002, 6.69920e+002,-1.20130e+002, 2.06763e+003, 1.77533e+003, 7.53168e+003, 1.05054e+004
 1,  58,       -6.41,        5.00,   0,0, 48847028.600,133407.0286,    2.4, 3.40053e+002, 1.27053e+002,-3.67418e+002, 2.07466e+002, 1.42826e+002, 7.01227e+002,-1.08557e+002, 2.07367e+003, 1.80794e+003, 7.62922e+003, 1.07386e+004
 1,  59,       -6.09,        5.00,   0,0, 48847128.600,133407.1286,    2.5, 4.42436e+002,-4.58291e+001,-3.20186e+002, 2.37766e+002, 1.53074e+002, 6.85177e+002,-1.53549e+002, 2.08603e+003, 1.82987e+003, 7.75038e+003, 1.07135e+004
 1,  60,       -5.77,        5.00,   0,0, 48847228.600,133407.2286,    2.2, 5.39696e+002,-3.49586e+002,-2.17813e+002, 2.62060e+002, 2.39694e+002, 6.44664e+002,-1.52282e+002, 2.07723e+003, 1.84954e+003, 7.69274e+003, 1.03271e+004
 1,  61,       -5.45,        5.00,   0,0, 48847328.600,133407.3286,    5.0, 4.95853e+002,-2.77901e+002,-2.56474e+002, 2.56417e+002, 2.54697e+002, 5.91249e+002,-1.02004e+002, 2.04961e+003, 1.85074e+003, 7.52949e+003, 1.01489e+004
 1,  62,       -5.13,        5.00,   0,0, 48847428.600,133407.4286,    1.8, 3.44921e+002, 1.87611e+001,-3.62000e+002, 2.13520e+002, 1.82897e+002, 6.20973e+002,-9.05938e+001, 2.00364e+003, 1.81267e+003, 7.43555e+003, 1.02924e+004
 1,  63,       -4.81,        5.00,   0,0, 48847528.600,133407.5286,    4.7, 3.85283e+002,-7.65679e+001,-2.99777e+002, 2.10756e+002, 1.60477e+002, 6.86703e+002,-8.06206e+001, 2.00455e+003, 1.83390e+003, 7.44246e+003, 1.02679e+004
 1,  64,       -4.49,        5.00,   0,0, 48847628.600,133407.6286,    5.8, 4.85147e+002,-3.57305e+002,-2.24078e+002, 2.84228e+002, 1.83972e+002, 6.47494e+002,-1.29249e+002, 2.12587e+003, 1.84732e+003, 7.49078e+003, 1.01911e+004
 1,  65,       -4.17,        5.00,   0,0, 48847728.600,133407.7286,    2.5, 2.68136e+002,-1.11776e+002,-3.15659e+002, 2.34830e+002, 1.86223e+002, 6.37476e+002,-1.71441e+002, 2.14301e+003, 1.79243e+003, 7.52358e+003, 1.04271e+004
 1,  66,       -3.85,        5.00,   0,0, 48847828.600,133407.8286,    1.5, 2.80782e+002,-7.01869e+001,-3.22391e+002, 2.02932e+002, 1.87387e+002, 6.54486e+002,-1.90534e+002, 2.04526e+003, 1.72861e+003, 7.49166e+003, 1.03241e+004
 1,  67,       -3.53,        5.00,   0,0, 48847928.600,133407.9286,    1.0, 4.99928e+002,-2.47903e+002,-2.54852e+002, 2.19132e+002, 1.52096e+002, 6.51865e+002,-1.96368e+002, 2.00169e+003, 1.67935e+003, 7.42525e+003, 1.00500e+004
 1,  68,       -3.21,        5.00,   0,0, 48848028.600,133408.0286,    0.9, 4.89535e+002,-1.70591e+002,-2.82959e+002, 2.27923e+002, 1.40238e+002, 6.18181e+002,-1.73863e+002, 1.98309e+003, 1.68982e+003, 7.34330e+003, 1.00019e+004
 1,  69,       -2.88,        5.00,   0,0, 48848128.600,133408.1286,    3.9, 4.63513e+002,-5.84930e+001,-3.27797e+002, 2.67564e+002, 2.06437e+002, 5.77016e+002,-1.87038e+002, 1.98888e+003, 1.70452e+003, 7.26165e+003, 1.00366e+004
 1,  70,       -2.56,        5.00,   0,0, 48848228.600,133408.2286,    6.3, 2.61615e+002, 2.60530e+002,-3.66921e+002, 2.20086e+002, 2.01397e+002, 5.55906e+002,-2.01997e+002, 1.98699e+003, 1.70326e+003, 7.25806e+003, 1.02816e+004
 1,  71,       -2.24,        5.00,   0,0, 48848328.600,133408.3286,    2.0, 2.13522e+002, 2.05666e+002,-3.55363e+002, 1.55877e+002, 1.47883e+002, 5.23539e+002,-1.42567e+002, 1.98898e+003, 1.74365e+003, 7.30839e+003, 1.01824e+004
 1,  72,       -1.92,        5.00,   0,0, 48848428.600,133408.4286,    1.8, 3.59589e+002,-1.45131e+002,-3.00308e+002, 2.17027e+002, 1.14579e+002, 5.32490e+002,-1.29701e+002, 2.04841e+003, 1.77336e+003, 7.36786e+003, 1.00207e+004
 1,  73,       -1.60,        5.00,   0,0, 48848528.600,133408.5286,    1.5, 4.32388e+002,-1.65847e+002,-2.99464e+002, 2.50443e+002, 1.40691e+002, 5.84758e+002,-1.49873e+002, 2.03634e+003, 1.74173e+003, 7.32833e+003, 1.00340e+004
 1,  74,       -1.28,        5.00,   0,0, 48848628.600,133408.6286,    0.9, 4.33615e+002,-5.23927e+001,-3.13719e+002, 2.39786e+002, 2.03758e+002, 6.21223e+002,-1.73406e+002, 1.94255e+003, 1.72108e+003, 7.21924e+003, 9.97041e+003
 1,  75,       -0.96,        5.00,   0,0, 48848728.600,133408.7286,    1.4, 4.27204e+002,-3.29238e+000,-2.77655e+002, 1.98797e+002, 1.85717e+002, 5.97200e+002,-1.76887e+002, 1.91578e+003, 1.76489e+003, 7.12748e+003, 9.83597e+003
 1,  76,       -0.64,        5.00,   0,0, 48848828.600,133408.8286,    0.7, 4.48485e+002,-5.59715e+001,-2.56308e+002, 2.18483e+002, 1.60346e+002, 5.69950e+002,-1.86456e+002, 1.94062e+003, 1.79217e+003, 7.09138e+003, 9.76446e+003
 1,  77,       -0.32,        5.00,   0,0, 48848928.600,133408.9286,    1.8, 4.53230e+002,-8.61203e+001,-3.24814e+002, 2.47447e+002, 1.61432e+002, 5.64952e+002,-1.88046e+002, 1.95412e+003, 1.73510e+003, 7.09271e+003, 9.77311e+003
 1,  78,        0.00,        5.00,   0,0, 48849028.600,133409.0286,    1.2, 4.49286e+002,-1.07460e+002,-3.45424e+002, 2.36683e+002, 1.61884e+002, 6.07097e+002,-1.82973e+002, 1.97408e+003, 1.64310e+003, 7.08717e+003, 9.79756e+003
 2,   0,        0.00,       10.00,   0,0, 48860228.600,133420.2286,    0.8, 2.56679e+002,-1.22082e+002,-4.02599e+002, 2.69925e+002, 1.36263e+002, 5.91505e+002,-2.10562e+002, 1.84773e+003, 1.73799e+003, 6.86402e+003, 9.45109e+003
 2,   1,       -0.33,       10.00,   0,0, 48860328.600,133420.3286,    0.8, 2.69716e+002,-5.18808e+001,-4.18035e+002, 2.91793e+002, 1.12901e+002, 5.96594e+002,-2.35361e+002, 1.88167e+003, 1.75242e+003, 6.88023e+003, 9.59841e+003
 2,   2,       -0.67,       10.00,   0,0, 48860428.600,133420.4286,    0.5, 2.79061e+002,-1.27605e+002,-4.62818e+002, 2.95891e+002, 9.80765e+001, 5.93069e+002,-2.00131e+002, 1.92087e+003, 1.66075e+003, 6.82182e+003, 9.50405e+003
 2,   3,       -1.00,       10.00,   0,0, 48860528.600,133420.5286,    0.5, 3.02528e+002,-1.97161e+002,-4.12157e+002, 2.56388e+002, 1.33181e+002, 5.64317e+002,-1.78652e+002, 1.93371e+003, 1.61474e+003, 6.87155e+003, 9.42881e+003
 2,   4,       -1.33,       10.00,   0,0, 48860628.600,133420.6286,    0.8, 3.16451e+002,-1.48307e+002,-3.73831e+002, 2.42291e+002, 9.76842e+001, 5.47508e+002,-1.83465e+002, 1.91555e+003, 1.62535e+003, 7.01233e+003, 9.56937e+003
 2,   5,       -1.67,       10.00,   0,0, 48860728.600,133420.7286,    0.7, 2.76637e+002,-3.01560e+001,-4.07662e+002, 2.38611e+002, 6.28540e+001, 5.55052e+002,-2.08565e+002, 1.88200e+003, 1.65592e+003, 7.01150e+003, 9.65701e+003
 2,   6,       -2.00,       10.00,   0,0, 48860828.600,133420.8286,    0.6, 2.68436e+002,-8.94431e+001,-3.61165e+002, 2.17073e+002, 6.91333e+001, 5.42081e+002,-1.67119e+002, 1.86503e+003, 1.75006e+003, 6.99826e+003, 9.53301e+003
 2,   7,       -2.33,       10.00,   0,0, 48860928.600,133420.9286,    1.1, 2.65373e+002,-2.34517e+002,-2.98910e+002, 2.39990e+002, 9.17777e+001, 5.48512e+002,-1.67971e+002, 1.89348e+003, 1.73254e+003, 6.97884e+003, 9.42630e+003
 2,   8,       -2.67,       10.00,   0,0, 48861028.700,133421.0287,    0.7, 1.97439e+002,-8.87608e+001,-3.15168e+002, 3.04006e+002, 1.22959e+002, 5.78500e+002,-2.14920e+002, 1.92182e+003, 1.61747e+003, 6.94171e+003, 9.65728e+003
 2,   9,       -3.00,       10.00,   0,0, 48861128.700,133421.1287,    1.6, 2.68684e+002, 2.99269e+000,-3.58210e+002, 3.15508e+002, 1.15672e+002, 6.31522e+002,-2.17614e+002, 1.93605e+003, 1.60228e+003, 6.97331e+003, 9.85938e+003
 2,  10,       -3.33,       10.00,   0,0, 48861228.700,133421.2287,    1.8, 2.70950e+002,-1.94340e+001,-4.47903e+002, 2.75337e+002, 5.49725e+001, 6.62598e+002,-2.35850e+002, 1.94803e+003, 1.64118e+003, 7.04959e+003, 9.91613e+003
 2,  11,       -3.67,       10.00,   0,0, 48861328.600,133421.3286,    2.1, 2.31430e+002,-4.10779e+001,-4.92358e+002, 2.67374e+002, 5.23118e+001, 6.28806e+002,-2.47965e+002, 1.94390e+003, 1.68193e+003, 7.11068e+003, 9.90969e+003
 2,  12,       -4.00,       10.00,   0,0, 48861428.700,133421.4287,    1.3, 3.77390e+002,-1.94764e+002,-3.80265e+002, 2.82411e+002, 5.76283e+001, 5.93767e+002,-2.09658e+002, 1.92966e+003, 1.73094e+003, 7.14695e+003, 9.75803e+003
 2,  13,       -4.33,       10.00,   0,0, 48861528.700,133421.5287,    8.8, 3.84117e+002,-2.30528e+002,-3.07278e+002, 2.88978e+002, 9.46681e+001, 5.90370e+002,-1.74379e+002, 1.90756e+003, 1.75939e+003, 7.19942e+003, 9.75580e+003
 2,  14,       -4.67,       10.00,   0,0, 48861628.700,133421.6287,   16.5, 2.73341e+002,-5.10328e+001,-3.70812e+002, 2.86782e+002, 1.38892e+002, 6.24917e+002,-1.90252e+002, 1.92521e+003, 1.74931e+003, 7.25215e+003, 1.00380e+004
 2,  15,       -5.00,       10.00,   0,0, 48861728.700,133421.7287,    3.7, 3.87713e+002,-2.60612e+002,-3.43866e+002, 3.00906e+002, 1.66967e+002, 6.42886e+002,-1.96329e+002, 1.92513e+003, 1.74155e+003, 7.22860e+003, 9.83691e+003
 2,  16,       -5.33,       10.00,   0,0, 48861828.700,133421.8287,    4.1, 3.73837e+002,-1.74622e+002,-3.63732e+002, 2.43159e+002, 1.36120e+002, 6.84140e+002,-1.75751e+002, 1.89246e+003, 1.72594e+003, 7.19406e+003, 9.83919e+003
 2,  17,       -5.67,       10.00,   0,0, 48861928.700,133421.9287,    4.7, 2.04857e+002, 1.46627e+000,-4.13643e+002, 1.66273e+002, 1.50818e+002, 6.76250e+002,-1.47922e+002, 1.93219e+003, 1.77258e+003, 7.13598e+003, 9.91216e+003
 2,  18,       -6.00,       10.00,   0,0, 48862028.700,133422.0287,    3.2, 4.24884e+002,-1.48424e+002,-3.68213e+002, 1.94029e+002, 1.82836e+002, 5.51195e+002,-1.46868e+002, 1.94878e+003, 1.82038e+003, 7.05621e+003, 9.60179e+003
 2,  19,       -6.33,       10.00,   0,0, 48862128.700,133422.1287,    1.7, 5.35055e+002,-1.82391e+002,-3.21076e+002, 2.18116e+002, 1.98442e+002, 5.54744e+002,-1.79540e+002, 1.94311e+003, 1.73310e+003, 7.11420e+003, 9.64779e+003
 2,  20,       -6.67,       10.00,   0,0, 48862228.700,133422.2287,    4.8, 5.19270e+002,-2.28957e+002,-3.25054e+002, 1.81945e+002, 1.99812e+002, 6.17675e+002,-1.78603e+002, 1.95469e+003, 1.70079e+003, 7.19362e+003, 9.71898e+003
 2,  21,       -7.00,       10.00,   0,0, 48862328.700,133422.3287,    4.6, 4.69946e+002,-7.80391e+001,-3.41937e+002, 1.99948e+002, 1.77691e+002, 6.84382e+002,-1.60293e+002, 1.95650e+003, 1.73364e+003, 7.29545e+003, 1.00582e+004
 2,  22,       -7.33,       10.00,   0,0, 48862428.700,133422.4287,    6.3, 4.06716e+002, 3.10689e+001,-3.40967e+002, 2.46643e+002, 1.57851e+002, 6.85397e+002,-1.41773e+002, 1.99948e+003, 1.73775e+003, 7.38109e+003, 1.03437e+004
 2,  23,       -7.67,       10.00,   0,0, 48862528.700,133422.5287,    2.9, 2.55618e+002, 1.37573e+002,-3.82112e+002, 2.85918e+002, 1.26757e+002, 6.70167e+002,-1.34389e+002, 2.05625e+003, 1.75603e+003, 7.28544e+003, 1.04353e+004
 2,  24,       -8.00,       10.00,   0,0, 48862628.700,133422.6287,    1.1, 2.38357e+002, 2.45374e+002,-4.22115e+002, 2.98117e+002, 1.39377e+002, 6.80709e+002,-1.44009e+002, 2.06534e+003, 1.71406e+003, 7.32700e+003, 1.06165e+004
 2,  25,       -8.33,       10.00,   0,0, 48862728.700,133422.7287,    2.5, 4.70779e+002,-9.88532e+001,-3.38633e+002, 2.76867e+002, 1.50786e+002, 6.33841e+002,-1.64968e+002, 2.03032e+003, 1.76130e+003, 7.34058e+003, 1.01828e+004
 2,  26,       -8.67,       10.00,   0,0, 48862828.700,133422.8287,    6.6, 4.70156e+002,-1.88108e+002,-2.95437e+002, 2.10086e+002, 1.69408e+002, 6.30685e+002,-1.88017e+002, 2.00972e+003, 1.84251e+003, 7.31196e+003, 9.97434e+003
 2,  27,       -9.00,       10.00,   0,0, 48862928.700,133422.9287,   40.8, 2.22597e+002, 1.68605e+002,-4.05400e+002, 1.09096e+002, 1.78818e+002, 7.25357e+002,-1.73096e+002, 2.02592e+003, 1.79298e+003, 7.44198e+003, 1.04710e+004
 2,  28,       -9.33,       10.00,   0,0, 48863028.700,133423.0287,   19.2, 6.58684e+002,-3.15506e+002,-2.26561e+002, 1.83018e+002, 1.86521e+002, 6.75120e+002,-1.61281e+002, 2.08336e+003, 1.80437e+003, 7.52395e+003, 1.01499e+004
 2,  29,       -9.67,       10.00,   0,0, 48863128.700,133423.1287,    5.0, 1.10453e+003,-1.00956e+003,-2.12531e+001, 3.17617e+002, 1.58796e+002, 5.50663e+002,-1.67880e+002, 2.10127e+003, 1.82219e+003, 7.50646e+003, 9.46645e+003
 2,  30,      -10.00,       10.00,   0,0, 48863228.700,133423.2287,    3.3, 4.65062e+002,-5.62664e+002,-2.12177e+002, 2.95740e+002, 1.04102e+002, 5.92414e+002,-1.99608e+002, 2.04619e+003, 1.79674e+003, 7.41460e+003, 9.78628e+003
 2,  31,      -10.33,       10.00,   0,0, 48863328.700,133423.3287,    2.1, 2.01469e+002,-1.06078e+002,-3.39141e+002, 2.76758e+002, 1.23934e+002, 6.07331e+002,-1.78143e+002, 2.06802e+003, 1.78141e+003, 7.37063e+003, 1.02167e+004
 2,  32,      -10.67,       10.00,   0,0, 48863428.700,133423.4287,    1.0, 2.57173e+002, 8.35519e+001,-3.60439e+002, 2.08755e+002, 1.56142e+002, 6.25963e+002,-1.17340e+002, 2.06649e+003, 1.77863e+003, 7.40686e+003, 1.03916e+004
 2,  33,      -11.00,       10.00,   0,0, 48863528.700,133423.5287,    2.8, 4.04664e+002,-1.88694e+002,-2.83424e+002, 1.96680e+002, 1.79344e+002, 6.29887e+002,-1.31369e+002, 2.07087e+003, 1.80978e+003, 7.47790e+003, 1.01866e+004
 2,  34,      -11.33,       10.00,   0,0, 48863628.700,133423.6287,    2.4, 4.50073e+002,-3.36045e+002,-2.31923e+002, 2.55795e+002, 1.74701e+002, 6.25242e+002,-1.56221e+002, 2.07973e+003, 1.83740e+003, 7.49058e+003, 1.01153e+004
 2,  35,      -11.67,       10.00,   0,0, 48863728.700,133423.7287,    3.9, 4.10889e+002,-3.21166e+002,-2.17163e+002, 2.67515e+002, 1.28866e+002, 6.36105e+002,-1.82049e+002, 2.06041e+003, 1.85409e+003, 7.45386e+003, 1.00967e+004
 2,  36,      -12.00,       10.00,   0,0, 48863828.700,133423.8287,    1.8, 3.78136e+002,-1.66164e+002,-3.13301e+002, 2.50869e+002, 1.27121e+002, 6.79849e+002,-2.04555e+002, 2.04459e+003, 1.88847e+003, 7.42988e+003, 1.02390e+004
 2,  37,      -12.33,       10.00,   0,0, 48863928.700,133423.9287,    2.2, 3.76480e+002,-6.22417e+001,-4.38526e+002, 2.57267e+002, 1.38393e+002, 6.71096e+002,-2.25702e+002, 2.00912e+003, 1.86494e+003, 7.39765e+003, 1.02729e+004
 2,  38,      -12.67,       10.00,   0,0, 48864028.700,133424.0287,    3.8, 5.00648e+002,-2.05767e+002,-3.63141e+002, 2.75828e+002, 1.41443e+002, 6.39437e+002,-2.06260e+002, 2.02643e+003, 1.82563e+003, 7.34565e+003, 1.00816e+004
 2,  39,      -13.00,       10.00,   0,0, 48864128.700,133424.1287,    9.8, 3.86622e+002,-7.38233e+001,-3.65313e+002, 2.33817e+002, 1.41752e+002, 6.73833e+002,-2.21661e+002, 2.06651e+003, 1.83261e+003, 7.42124e+003, 1.03216e+004
 2,  40,      -13.33,       10.00,   0,0, 48864228.700,133424.2287,   20.7, 9.78586e+001, 2.12138e+002,-4.81668e+002, 1.83877e+002, 1.65694e+002, 7.49487e+002,-1.98320e+002, 2.15821e+003, 1.82010e+003, 7.59599e+003, 1.08997e+004
 2,  41,      -13.67,       10.00,   0,0, 48864328.700,133424.3287,    2.2, 2.08151e+002, 1.55584e+002,-4.03362e+002, 2.63047e+002, 1.81296e+002, 7.08409e+002,-1.34704e+002, 2.16429e+003, 1.83720e+003, 7.67898e+003, 1.09703e+004
 2,  42,      -14.00,       10.00,   0,0, 48864428.700,133424.4287,    4.2, 2.52437e+002, 1.54639e+002,-4.01485e+002, 2.79198e+002, 1.60993e+002, 6.53863e+002,-1.29602e+002, 2.06868e+003, 1.86044e+003, 7.61167e+003, 1.07681e+004
 2,  43,      -14.33,       10.00,   0,0, 48864528.700,133424.5287,    0.5, 1.70968e+002, 2.84861e+002,-5.01580e+002, 2.54561e+002, 1.48047e+002, 7.01882e+002,-1.34769e+002, 2.02254e+003, 1.88571e+003, 7.54555e+003, 1.08094e+004
 2,  44,      -14.67,       10.00,   0,0, 48864628.700,133424.6287,    1.2, 3.08301e+002, 9.77651e+001,-4.15522e+002, 2.70693e+002, 1.01394e+002, 7.43480e+002,-1.44701e+002, 1.99314e+003, 1.83262e+003, 7.46640e+003, 1.05715e+004
 2,  45,      -15.00,       10.00,   0,0, 48864728.700,133424.7287,    1.2, 4.16039e+002,-1.11584e+002,-2.99743e+002, 3.01067e+002, 9.66124e+001, 7.15543e+002,-1.52439e+002, 1.90343e+003, 1.81896e+003, 7.41991e+003, 1.02284e+004
 2,  46,      -15.33,       10.00,   0,0, 48864828.700,133424.8287,    1.0, 4.43676e+002,-1.63568e+002,-2.76452e+002, 2.94281e+002, 1.38430e+002, 6.68925e+002,-1.45139e+002, 1.97194e+003, 1.90948e+003, 7.43895e+003, 1.02105e+004
 2,  47,      -15.67,       10.00,   0,0, 48864928.700,133424.9287,    2.4, 4.46988e+002,-1.27740e+002,-2.66576e+002, 3.12069e+002, 1.59033e+002, 6.09616e+002,-1.62549e+002, 2.03901e+003, 1.91401e+003, 7.42792e+003, 1.02609e+004
 2,  48,      -16.00,       10.00,   0,0, 48865028.700,133425.0287,    3.3, 4.39887e+002,-5.27340e+001,-3.20664e+002, 3.06586e+002, 1.67943e+002, 5.88695e+002,-1.57604e+002, 1.98424e+003, 1.87549e+003, 7.34514e+003, 1.01719e+004
 2,  49,      -16.33,       10.00,   0,0, 48865128.700,133425.1287,    1.5, 3.90814e+002, 1.13136e+002,-4.34339e+002, 2.66300e+002, 1.52665e+002, 6.19808e+002,-1.43848e+002, 1.94830e+003, 1.87989e+003, 7.23562e+003, 1.01832e+004
 2,  50,      -16.67,       10.00,   0,0, 48865228.700,133425.2287,    3.5, 4.61340e+002,-6.54878e+001,-3.91028e+002, 2.67507e+002, 1.66574e+002, 6.54280e+002,-1.76900e+002, 1.97338e+003, 1.92068e+003, 7.26050e+003, 1.00902e+004
 2,  51,      -17.00,       10.00,   0,0, 48865328.700,133425.3287,   10.9, 4.94657e+002,-1.43719e+002,-2.88233e+002, 2.48977e+002, 1.77007e+002, 6.69439e+002,-1.79818e+002, 1.98304e+003, 1.95195e+003, 7.38072e+003, 1.01385e+004
 2,  52,      -17.33,       10.00,   0,0, 48865428.700,133425.4287,   25.8, 2.62598e+002, 2.80223e+002,-3.61310e+002, 1.59756e+002, 1.67511e+002, 6.55950e+002,-1.41931e+002, 1.97574e+003, 1.95032e+003, 7.52119e+003, 1.05929e+004
 2,  53,      -17.67,       10.00,   0,0, 48865528.700,133425.5287,   14.1,-1.26552e+000, 6.85482e+002,-4.95984e+002, 1.83108e+002, 1.71036e+002, 5.88306e+002,-1.38599e+002, 2.01405e+003, 1.89515e+003, 7.62820e+003, 1.10992e+004
 2,  54,      -18.00,       10.00,   0,0, 48865628.700,133425.6287,    5.6, 6.53029e+001, 3.99696e+002,-4.16821e+002, 1.59083e+002, 1.55734e+002, 5.61544e+002,-1.26496e+002, 2.04237e+003, 1.90821e+003, 7.68001e+003, 1.08427e+004
 2,  55,      -18.33,       10.00,   0,0, 48865728.700,133425.7287,    3.6, 1.56304e+002, 1.42234e+002,-3.62111e+002, 1.35507e+002, 1.32944e+002, 6.17634e+002,-1.01413e+002, 2.04985e+003, 1.94587e+003, 7.62187e+003, 1.05671e+004
 2,  56,      -18.67,       10.00,   0,0, 48865828.700,133425.8287,    0.8, 1.35855e+002, 9.95725e+001,-4.08369e+002, 1.96258e+002, 1.12962e+002, 6.89471e+002,-1.56634e+002, 2.06884e+003, 1.90874e+003, 7.55904e+003, 1.06132e+004
 2,  57,      -19.00,       10.00,   0,0, 48865928.700,133425.9287,    1.5, 3.06474e+002,-4.92120e+001,-3.91584e+002, 2.29626e+002, 9.03153e+001, 6.57304e+002,-1.90151e+002, 2.08247e+003, 1.92600e+003, 7.56842e+003, 1.04886e+004
 2,  58,      -19.33,       10.00,   0,0, 48866028.700,133426.0287,    2.3, 4.31282e+002,-1.56264e+002,-3.44443e+002, 2.81718e+002, 1.11173e+002, 6.48239e+002,-1.69298e+002, 2.05196e+003, 1.97774e+003, 7.66815e+003, 1.04938e+004
 2,  59,      -19.67,       10.00,   0,0, 48866128.700,133426.1287,    1.6, 4.38643e+002,-1.26662e+002,-3.32347e+002, 3.27250e+002, 1.76005e+002, 6.43789e+002,-1.73006e+002, 2.02815e+003, 1.93408e+003, 7.76494e+003, 1.06375e+004
 2,  60,      -20.00,       10.00,   0,0, 48866228.700,133426.2287,    1.8, 4.43915e+002,-7.02851e+001,-3.13376e+002, 2.59717e+002, 1.92477e+002, 6.21478e+002,-1.57840e+002, 2.06334e+003, 1.88303e+003, 7.76625e+003, 1.06405e+004
 2,  61,      -20.33,       10.00,   0,0, 48866328.700,133426.3287,    1.7, 4.07567e+002, 3.29556e+001,-3.48986e+002, 1.92323e+002, 1.54257e+002, 6.34361e+002,-1.66189e+002, 2.09233e+003, 1.91076e+003, 7.70061e+003, 1.06526e+004
 2,  62,      -20.67,       10.00,   0,0, 48866428.700,133426.4287,    2.7, 3.39761e+002, 1.34437e+002,-4.22157e+002, 1.90937e+002, 1.74657e+002, 6.11148e+002,-2.26920e+002, 2.12145e+003, 1.95104e+003, 7.62844e+003, 1.06864e+004
 2,  63,      -21.00,       10.00,   0,0, 48866528.700,133426.5287,    2.6, 3.42720e+002, 1.12378e+002,-4.16395e+002, 2.64974e+002, 1.97595e+002, 5.64540e+002,-2.46098e+002, 2.19494e+003, 1.90303e+003, 7.58991e+003, 1.07267e+004
 2,  64,      -21.33,       10.00,   0,0, 48866628.700,133426.6287,    4.9, 4.20913e+002, 6.52996e+000,-4.15363e+002, 2.89942e+002, 1.20941e+002, 5.95526e+002,-2.27385e+002, 2.22655e+003, 1.92477e+003, 7.63519e+003, 1.07537e+004
 2,  65,      -21.67,       10.00,   0,0, 48866728.700,133426.7287,   15.8, 2.90776e+002, 2.81437e+001,-3.96706e+002, 2.42149e+002, 1.12892e+002, 6.93050e+002,-1.98525e+002, 2.20024e+003, 2.00591e+003, 7.73493e+003, 1.08985e+004
 2,  66,      -22.00,       10.00,   0,0, 48866828.700,133426.8287,   10.2, 5.71973e+002,-4.36331e+002,-1.82783e+002, 2.53255e+002, 1.44157e+002, 6.69232e+002,-2.15517e+002, 2.18232e+003, 2.02903e+003, 7.84577e+003, 1.05143e+004
 2,  67,      -22.33,       10.00,   0,0, 48866928.700,133426.9287,    1.9, 7.18610e+002,-6.40688e+002,-1.44276e+002, 2.53401e+002, 1.40375e+002, 6.23069e+002,-1.85437e+002, 2.15227e+003, 2.00804e+003, 7.90612e+003, 1.02942e+004
 2,  68,      -22.67,       10.00,   0,0, 48867028.700,133427.0287,    2.2, 3.83516e+002,-1.81660e+002,-3.17411e+002, 1.75423e+002, 1.31575e+002, 6.49376e+002,-1.46194e+002, 2.12663e+003, 1.92527e+003, 7.93614e+003, 1.07059e+004
 2,  69,      -23.00,       10.00,   0,0, 48867128.700,133427.1287,    2.9, 4.15805e+002,-1.37048e+002,-3.43463e+002, 1.44457e+002, 1.13340e+002, 6.53549e+002,-1.46628e+002, 2.14411e+003, 1.87778e+003, 7.89897e+003, 1.07040e+004
 2,  70,      -23.33,       10.00,   0,0, 48867228.700,133427.2287,    2.3, 3.97988e+002,-1.71308e+002,-3.67688e+002, 1.98118e+002, 1.44944e+002, 6.51968e+002,-1.38479e+002, 2.15950e+003, 1.87933e+003, 7.82162e+003, 1.06599e+004
 2,  71,      -23.67,       10.00,   0,0, 48867328.700,133427.3287,    7.3, 4.41639e+002,-2.59393e+002,-3.24988e+002, 2.61752e+002, 1.90106e+002, 6.51395e+002,-1.21475e+002, 2.16121e+003, 1.92752e+003, 7.77547e+003, 1.05904e+004
 2,  72,      -24.00,       10.00,   0,0, 48867428.700,133427.4287,    4.2, 6.11597e+002,-4.49701e+002,-2.34883e+002, 3.13150e+002, 2.10558e+002, 6.15513e+002,-1.38618e+002, 2.18798e+003, 2.03127e+003, 7.85993e+003, 1.05269e+004
 2,  73,      -24.33,       10.00,   0,0, 48867528.700,133427.5287,    3.0, 4.91139e+002,-2.44782e+002,-3.27185e+002, 2.91579e+002, 1.98991e+002, 6.70060e+002,-1.47348e+002, 2.21539e+003, 2.10177e+003, 7.96420e+003, 1.08964e+004
 2,  74,      -24.67,       10.00,   0,0, 48867628.700,133427.6287,    0.8, 1.95013e+002, 5.07052e+001,-4.21513e+002, 2.78546e+002, 1.81028e+002, 7.87060e+002,-1.28974e+002, 2.21346e+003, 2.10330e+003, 7.91483e+003, 1.12446e+004
 2,  75,      -25.00,       10.00,   0,0, 48867728.700,133427.7287,    0.7, 2.09183e+002,-2.72587e+001,-3.61703e+002, 2.60449e+002, 1.94747e+002, 7.81252e+002,-1.22585e+002, 2.20571e+003, 2.05828e+003, 7.76112e+003, 1.09813e+004
 3,   0,      -25.00,       15.00,   0,0, 48877128.700,133437.1287,    0.4, 3.73838e+002,-1.12601e+002,-2.48305e+002, 2.72423e+002, 2.01406e+002, 6.49004e+002,-1.29012e+002, 2.17879e+003, 2.06587e+003, 7.89690e+003, 1.08845e+004
 3,   1,      -24.69,       15.00,   0,0, 48877228.700,133437.2287,    0.2, 3.57015e+002,-1.37349e+002,-2.77298e+002, 2.41248e+002, 2.15349e+002, 6.70897e+002,-8.97113e+001, 2.14372e+003, 2.10374e+003, 7.81205e+003, 1.07306e+004
 3,   2,      -24.38,       15.00,   0,0, 48877328.700,133437.3287,    0.2, 3.38986e+002,-1.61884e+002,-3.39373e+002, 2.52644e+002, 1.60291e+002, 7.00542e+002,-4.25990e+001, 2.11333e+003, 2.06863e+003, 7.83484e+003, 1.07395e+004
 3,   3,      -24.07,       15.00,   0,0, 48877428.700,133437.4287,    0.7, 3.67926e+002,-1.27350e+002,-2.96358e+002, 2.74174e+002, 1.34749e+002, 7.15131e+002,-4.33916e+001, 2.17715e+003, 2.02309e+003, 7.85006e+003, 1.08892e+004
 3,   4,      -23.77,       15.00,   0,0, 48877528.700,133437.5287,    3.7, 3.62120e+002,-3.61374e+001,-2.86185e+002, 2.48910e+002, 1.59315e+002, 7.01924e+002,-9.18875e+001, 2.20277e+003, 2.02822e+003, 7.81121e+003, 1.09287e+004
 3,   5,      -23.46,       15.00,   0,0, 48877628.700,133437.6287,    5.0, 2.52964e+002, 1.40590e+002,-3.29290e+002, 2.57991e+002, 1.34465e+002, 7.08816e+002,-1.25598e+002, 2.18849e+003, 2.01484e+003, 7.82794e+003, 1.11238e+004
 3,   6,      -23.15,       15.00,   0,0, 48877728.700,133437.7287,    0.9, 3.30619e+002,-2.68698e+001,-3.04669e+002, 2.84943e+002, 1.14993e+002, 6.66318e+002,-8.90586e+001, 2.22134e+003, 2.02578e+003, 7.85006e+003, 1.09958e+004
 3,   7,      -22.84,       15.00,   0,0, 48877828.700,133437.8287,    1.5, 4.56465e+002,-1.69936e+002,-2.56760e+002, 2.98198e+002, 1.71830e+002, 6.11413e+002,-6.16848e+001, 2.26711e+003, 2.05039e+003, 7.82375e+003, 1.08305e+004
 3,   8,      -22.53,       15.00,   0,0, 48877928.700,133437.9287,    1.5, 4.71566e+002,-4.76257e+001,-2.85892e+002, 2.47733e+002, 2.33227e+002, 6.22890e+002,-1.29894e+002, 2.21821e+003, 2.06050e+003, 7.76344e+003, 1.08046e+004
 3,   9,      -22.22,       15.00,   0,0, 48878028.700,133438.0287,    0.5, 4.34471e+002,-2.62899e+001,-3.61236e+002, 2.40409e+002, 2.53681e+002, 6.20877e+002,-1.86674e+002, 2.12646e+003, 2.02369e+003, 7.67510e+003, 1.06366e+004
 3,  10,      -21.91,       15.00,   0,0, 48878128.700,133438.1287,    4.5, 3.71667e+002,-4.41227e+001,-3.30816e+002, 2.69393e+002, 2.34775e+002, 6.34741e+002,-1.58636e+002, 2.13188e+003, 2.01824e+003, 7.68755e+003, 1.06794e+004
 3,  11,      -21.60,       15.00,   0,0, 48878228.700,133438.2287,    4.8, 3.26176e+002, 5.03582e+001,-3.51701e+002, 2.09615e+002, 1.97369e+002, 6.39550e+002,-1.16210e+002, 2.13862e+003, 2.03145e+003, 7.82768e+003, 1.08658e+004
 3,  12,      -21.30,       15.00,   0,0, 48878328.700,133438.3287,    2.1, 2.68595e+002, 2.34304e+002,-4.10025e+002, 2.40883e+002, 1.60022e+002, 6.70640e+002,-1.04619e+002, 2.09691e+003, 2.00721e+003, 7.91136e+003, 1.11541e+004
 3,  13,      -20.99,       15.00,   0,0, 48878428.700,133438.4287,    0.3, 4.13986e+002,-1.24626e+000,-3.56348e+002, 2.81058e+002, 1.69475e+002, 6.86199e+002,-8.52737e+001, 2.13816e+003, 2.05778e+003, 7.92395e+003, 1.10281e+004
 3,  14,      -20.68,       15.00,   0,0, 48878528.700,133438.5287,    1.5, 4.71395e+002,-1.74987e+002,-2.60833e+002, 2.38030e+002, 1.87277e+002, 6.83942e+002,-2.31405e+001, 2.14281e+003, 2.08088e+003, 7.81213e+003, 1.07019e+004
 3,  15,      -20.37,       15.00,   0,0, 48878628.700,133438.6287,    0.5, 4.53279e+002,-1.34058e+002,-2.55323e+002, 2.66004e+002, 1.80725e+002, 6.94715e+002,-5.17616e+001, 2.10887e+003, 2.03322e+003, 7.72030e+003, 1.06558e+004
 3,  16,      -20.06,       15.00,   0,0, 48878728.700,133438.7287,    0.8, 4.55886e+002,-1.23518e+002,-2.95808e+002, 2.98482e+002, 2.13284e+002, 7.01214e+002,-9.17301e+001, 2.09840e+003, 1.96090e+003, 7.71192e+003, 1.06865e+004
 3,  17,      -19.75,       15.00,   0,0, 48878828.700,133438.8287,    4.7, 3.95756e+002,-3.67777e+001,-3.40611e+002, 2.28302e+002, 2.46721e+002, 7.18698e+002,-1.26606e+002, 2.18026e+003, 1.94464e+003, 7.77743e+003, 1.08679e+004
 3,  18,      -19.44,       15.00,   0,0, 48878928.700,133438.9287,    2.6, 2.40714e+002, 1.68791e+002,-3.97705e+002, 2.38115e+002, 1.77354e+002, 7.53130e+002,-1.08257e+002, 2.22735e+003, 1.99891e+003, 7.89587e+003, 1.12833e+004
 3,  19,      -19.14,       15.00,   0,0, 48879028.700,133439.0287,    9.0, 2.82208e+002, 4.90077e+001,-3.77984e+002, 3.05683e+002, 1.40060e+002, 7.11282e+002,-2.57990e+001, 2.22523e+003, 2.02871e+003, 7.91160e+003, 1.12028e+004
 3,  20,      -18.83,       15.00,   0,0, 48879128.700,133439.1287,    1.8, 5.60200e+002,-3.54962e+002,-2.18925e+002, 3.01407e+002, 1.64810e+002, 6.44187e+002,-1.07095e+002, 2.22219e+003, 2.01754e+003, 7.83867e+003, 1.06515e+004
 3,  21,      -18.52,       15.00,   0,0, 48879228.700,133439.2287,    3.9, 6.06685e+002,-2.90371e+002,-1.83881e+002, 3.06859e+002, 2.00028e+002, 6.84787e+002,-1.33186e+002, 2.20958e+003, 1.92737e+003, 7.83423e+003, 1.07451e+004
 3,  22,      -18.21,       15.00,   0,0, 48879328.700,133439.3287,    1.6, 4.19711e+002, 5.69230e+000,-3.72184e+002, 2.86954e+002, 2.08793e+002, 7.00516e+002,-1.36232e+002, 2.19355e+003, 1.87194e+003, 7.85329e+003, 1.10400e+004
 3,  23,      -17.90,       15.00,   0,0, 48879428.700,133439.4287,    1.2, 4.42847e+002, 2.23242e+001,-4.38018e+002, 2.96213e+002, 2.05742e+002, 6.63222e+002,-1.43630e+002, 2.19094e+003, 1.95747e+003, 7.86394e+003, 1.10366e+004
 3,  24,      -17.59,       15.00,   0,0, 48879528.800,133439.5288,    2.9, 4.13496e+002,-7.02724e+001,-3.97545e+002, 3.00488e+002, 2.03156e+002, 6.61478e+002,-1.23465e+002, 2.21111e+003, 2.01375e+003, 7.91788e+003, 1.10207e+004
 3,  25,      -17.28,       15.00,   0,0, 48879628.700,133439.6287,    8.2, 2.96623e+002, 3.05907e+001,-4.01888e+002, 2.60739e+002, 2.10569e+002, 7.36654e+002,-8.92820e+001, 2.23485e+003, 1.95704e+003, 8.00825e+003, 1.12711e+004
 3,  26,      -16.98,       15.00,   0,0, 48879728.800,133439.7288,    9.5, 2.92646e+002, 1.93333e+002,-3.16879e+002, 2.44804e+002, 2.53123e+002, 7.54116e+002,-8.47214e+001, 2.25890e+003, 1.94415e+003, 7.98634e+003, 1.14375e+004
 3,  27,      -16.67,       15.00,   0,0, 48879828.700,133439.8287,    2.3, 3.93306e+002, 1.26944e+002,-2.41973e+002, 3.27130e+002, 2.55701e+002, 6.96379e+002,-1.44595e+002, 2.24339e+003, 1.94825e+003, 7.92048e+003, 1.13143e+004
 3,  28,      -16.36,       15.00,   0,0, 48879928.800,133439.9288,    2.5, 4.55454e+002, 4.94241e+001,-3.10347e+002, 3.40002e+002, 2.39601e+002, 6.86226e+002,-1.76029e+002, 2.21254e+003, 1.96679e+003, 7.80088e+003, 1.10891e+004
 3,  29,      -16.05,       15.00,   0,0, 48880028.700,133440.0287,    2.7, 4.64385e+002,-5.60868e+001,-3.09520e+002, 3.00262e+002, 2.09553e+002, 6.70557e+002,-1.72581e+002, 2.14749e+003, 2.01108e+003, 7.74042e+003, 1.08026e+004
 3,  30,      -15.74,       15.00,   0,0, 48880128.700,133440.1287,    3.6, 4.67031e+002,-9.65371e+001,-3.00178e+002, 2.72368e+002, 1.96035e+002, 6.42073e+002,-1.44367e+002, 2.07169e+003, 1.97135e+003, 7.76171e+003, 1.06513e+004
 3,  31,      -15.43,       15.00,   0,0, 48880228.800,133440.2288,    4.5, 4.46958e+002,-8.92389e+001,-3.36485e+002, 2.42529e+002, 2.10300e+002, 6.82804e+002,-1.25638e+002, 2.06179e+003, 1.89127e+003, 7.79439e+003, 1.06923e+004
 3,  32,      -15.12,       15.00,   0,0, 48880328.800,133440.3288,    9.6, 4.12758e+002,-1.14516e+002,-4.27156e+002, 2.13329e+002, 1.80115e+002, 7.34808e+002,-1.45158e+002, 2.15269e+003, 1.87712e+003, 7.83052e+003, 1.08168e+004
 3,  33,      -14.81,       15.00,   0,0, 48880428.800,133440.4288,   10.4, 5.06195e+002,-3.89501e+002,-3.09114e+002, 2.64643e+002, 1.65018e+002, 7.07448e+002,-1.37674e+002, 2.14801e+003, 1.88191e+003, 7.79015e+003, 1.05207e+004
 3,  34,      -14.51,       15.00,   0,0, 48880528.800,133440.5288,    2.3, 6.18508e+002,-5.37933e+002,-2.04164e+002, 2.83892e+002, 1.74002e+002, 6.43037e+002,-9.00041e+001, 2.14618e+003, 1.91106e+003, 7.69641e+003, 1.02316e+004
 3,  35,      -14.20,       15.00,   0,0, 48880628.800,133440.6288,    4.5, 3.72455e+002,-5.59378e+001,-3.14098e+002, 2.47158e+002, 1.90654e+002, 6.92441e+002,-5.29659e+001, 2.11827e+003, 1.92896e+003, 7.62664e+003, 1.06286e+004
 3,  36,      -13.89,       15.00,   0,0, 48880728.800,133440.7288,    2.9, 1.44640e+002, 3.21580e+002,-4.36834e+002, 2.38441e+002, 1.82736e+002, 7.22104e+002,-6.33031e+001, 2.04623e+003, 1.94758e+003, 7.57229e+003, 1.09006e+004
 3,  37,      -13.58,       15.00,   0,0, 48880828.800,133440.8288,    3.0, 3.28980e+002, 1.26953e+001,-3.50210e+002, 2.74439e+002, 1.40841e+002, 6.79786e+002,-8.71037e+001, 2.03866e+003, 1.91620e+003, 7.64398e+003, 1.06496e+004
 3,  38,      -13.27,       15.00,   0,0, 48880928.800,133440.9288,    5.1, 4.11734e+002,-3.65919e+002,-2.42626e+002, 2.71366e+002, 1.30425e+002, 6.55492e+002,-9.34953e+001, 2.04436e+003, 1.90433e+003, 7.80152e+003, 1.04068e+004
 3,  39,      -12.96,       15.00,   0,0, 48881028.800,133441.0288,    3.0, 2.29989e+002,-5.97939e+001,-3.56339e+002, 2.56313e+002, 1.41436e+002, 6.74142e+002,-9.16555e+001, 2.05202e+003, 1.96487e+003, 7.84969e+003, 1.07724e+004
 3,  40,      -12.65,       15.00,   0,0, 48881128.800,133441.1288,    0.8, 3.17948e+002, 6.50871e+001,-3.22472e+002, 3.01762e+002, 1.77321e+002, 6.73804e+002,-8.78022e+001, 2.07057e+003, 1.95915e+003, 7.76755e+003, 1.08788e+004
 3,  41,      -12.35,       15.00,   0,0, 48881228.800,133441.2288,    2.0, 5.10648e+002,-2.04859e+002,-2.67578e+002, 3.23462e+002, 1.68253e+002, 6.65624e+002,-1.03529e+002, 2.07996e+003, 1.90518e+003, 7.67230e+003, 1.05365e+004
 3,  42,      -12.04,       15.00,   0,0, 48881328.800,133441.3288,    0.6, 5.07162e+002,-3.58608e+002,-2.88010e+002, 3.18307e+002, 1.51760e+002, 6.36740e+002,-1.37012e+002, 2.03509e+003, 1.88635e+003, 7.63172e+003, 1.02633e+004
 3,  43,      -11.73,       15.00,   0,0, 48881428.800,133441.4288,    0.8, 4.44459e+002,-2.84135e+002,-3.38573e+002, 3.01127e+002, 1.92739e+002, 5.92130e+002,-1.46428e+002, 2.01838e+003, 1.86288e+003, 7.60792e+003, 1.02354e+004
 3,  44,      -11.42,       15.00,   0,0, 48881528.800,133441.5288,    3.8, 3.34637e+002,-1.18622e+002,-3.60606e+002, 2.82171e+002, 1.98973e+002, 6.19001e+002,-1.19810e+002, 2.05479e+003, 1.84674e+003, 7.62667e+003, 1.04640e+004
 3,  45,      -11.11,       15.00,   0,0, 48881628.800,133441.6288,    1.2, 2.28491e+002,-1.29918e+001,-3.71979e+002, 2.60836e+002, 2.01417e+002, 6.58963e+002,-1.25770e+002, 2.10916e+003, 1.89113e+003, 7.74762e+003, 1.07636e+004
 3,  46,      -10.80,       15.00,   0,0, 48881728.800,133441.7288,    4.1, 3.00716e+002,-1.18550e+002,-3.44440e+002, 2.51772e+002, 2.50992e+002, 6.48641e+002,-1.41213e+002, 2.19375e+003, 1.92521e+003, 7.80302e+003, 1.07786e+004
 3,  47,      -10.49,       15.00,   0,0, 48881828.800,133441.8288,    2.3, 5.27922e+002,-2.84921e+002,-2.74831e+002, 3.02336e+002, 2.50553e+002, 6.15189e+002,-1.25898e+002, 2.19326e+003, 1.94689e+003, 7.69552e+003, 1.05214e+004
 3,  48,      -10.19,       15.00,   0,0, 48881928.800,133441.9288,    1.7, 3.85967e+002,-2.22065e+002,-2.99667e+002, 3.06082e+002, 2.29928e+002, 6.28622e+002,-9.01322e+001, 2.09383e+003, 1.90031e+003, 7.60606e+003, 1.04125e+004
 3,  49,       -9.88,       15.00,   0,0, 48882028.800,133442.0288,    2.0, 2.39410e+002,-7.96176e+001,-3.32634e+002, 3.16244e+002, 1.69720e+002, 6.36811e+002,-1.13598e+002, 2.03197e+003, 1.80622e+003, 7.53435e+003, 1.04398e+004
 3,  50,       -9.57,       15.00,   0,0, 48882128.800,133442.1288,    2.9, 3.78471e+002,-9.87617e+001,-2.87250e+002, 3.24014e+002, 1.19674e+002, 6.16480e+002,-1.47371e+002, 2.08804e+003, 1.80684e+003, 7.55830e+003, 1.04881e+004
 3,  51,       -9.26,       15.00,   0,0, 48882228.800,133442.2288,    6.0, 4.83922e+002,-2.19434e+002,-2.67721e+002, 2.93030e+002, 1.40021e+002, 5.95743e+002,-1.56008e+002, 2.15137e+003, 1.88647e+003, 7.73282e+003, 1.05535e+004
 3,  52,       -8.95,       15.00,   0,0, 48882328.800,133442.3288,    2.1, 5.28737e+002,-2.48561e+002,-3.20579e+002, 2.76995e+002, 1.17097e+002, 6.18660e+002,-1.20829e+002, 2.10930e+003, 1.92610e+003, 7.88240e+003, 1.06388e+004
 3,  53,       -8.64,       15.00,   0,0, 48882428.800,133442.4288,    2.1, 4.94590e+002,-1.57855e+002,-2.97364e+002, 2.16807e+002, 7.11189e+001, 6.52058e+002,-1.05844e+002, 2.10694e+003, 1.88586e+003, 7.77417e+003, 1.05921e+004
 3,  54,       -8.33,       15.00,   0,0, 48882528.800,133442.5288,    3.6, 4.09308e+002,-5.77472e+001,-2.61049e+002, 2.14907e+002, 1.25779e+002, 6.49148e+002,-1.68277e+002, 2.12633e+003, 1.85125e+003, 7.67425e+003, 1.06069e+004
 3,  55,       -8.02,       15.00,   0,0, 48882628.800,133442.6288,    0.9, 5.07017e+002,-2.72321e+002,-2.48964e+002, 2.70997e+002, 1.74502e+002, 6.47584e+002,-2.10901e+002, 2.12064e+003, 1.85225e+003, 7.67473e+003, 1.04416e+004
 3,  56,       -7.72,       15.00,   0,0, 48882728.800,133442.7288,    0.9, 4.80170e+002,-3.56024e+002,-3.12107e+002, 2.77204e+002, 1.98392e+002, 6.58956e+002,-1.76958e+002, 2.10696e+003, 1.86479e+003, 7.64835e+003, 1.03355e+004
 3,  57,       -7.41,       15.00,   0,0, 48882828.800,133442.8288,    1.7, 3.24852e+002,-1.66689e+002,-3.59086e+002, 2.48613e+002, 2.08409e+002, 6.35318e+002,-1.29845e+002, 2.06248e+003, 1.87983e+003, 7.66171e+003, 1.04414e+004
 3,  58,       -7.10,       15.00,   0,0, 48882928.800,133442.9288,    2.3, 3.24272e+002,-1.09348e+002,-3.24235e+002, 2.90276e+002, 2.21332e+002, 6.84988e+002,-1.56245e+002, 2.06653e+003, 1.88407e+003, 7.74233e+003, 1.06748e+004
 3,  59,       -6.79,       15.00,   0,0, 48883028.800,133443.0288,    3.2, 4.13999e+002,-1.17375e+002,-3.00338e+002, 2.85457e+002, 1.85506e+002, 7.16001e+002,-1.86835e+002, 2.14369e+003, 1.90685e+003, 7.72165e+003, 1.07494e+004
 3,  60,       -6.48,       15.00,   0,0, 48883128.800,133443.1288,    2.1, 4.45070e+002,-1.81819e+001,-2.97492e+002, 2.42454e+002, 1.27392e+002, 6.58080e+002,-1.91366e+002, 2.19963e+003, 1.90154e+003, 7.65746e+003, 1.07394e+004
 3,  61,       -6.17,       15.00,   0,0, 48883228.800,133443.2288,    0.7, 3.97544e+002,-7.12122e+000,-3.01370e+002, 3.07037e+002, 1.54029e+002, 6.01165e+002,-1.59533e+002, 2.13871e+003, 1.92613e+003, 7.59482e+003, 1.06346e+004
 3,  62,       -5.86,       15.00,   0,0, 48883328.800,133443.3288,    3.1, 3.40106e+002,-4.79035e+001,-3.66848e+002, 2.64729e+002, 1.50043e+002, 6.15724e+002,-1.63194e+002, 2.07441e+003, 1.98945e+003, 7.52773e+003, 1.04347e+004
 3,  63,       -5.56,       15.00,   0,0, 48883428.800,133443.4288,    2.7, 3.56701e+002,-5.58829e+001,-3.69513e+002, 2.20713e+002, 1.27536e+002, 6.56521e+002,-1.76145e+002, 2.04314e+003, 1.95340e+003, 7.48704e+003, 1.03515e+004
 3,  64,       -5.25,       15.00,   0,0, 48883528.800,133443.5288,    3.6, 4.43922e+002,-2.32637e+002,-3.44414e+002, 2.76943e+002, 1.58684e+002, 6.47998e+002,-1.62692e+002, 2.01739e+003, 1.89375e+003, 7.49496e+003, 1.02047e+004
 3,  65,       -4.94,       15.00,   0,0, 48883628.800,133443.6288,    4.3, 4.16748e+002,-6.89911e+001,-3.96380e+002, 2.87233e+002, 1.91838e+002, 6.21104e+002,-1.34052e+002, 2.00076e+003, 1.94576e+003, 7.57074e+003, 1.04108e+004
 3,  66,       -4.63,       15.00,   0,0, 48883728.800,133443.7288,    2.9, 3.21167e+002, 2.14722e+002,-4.05772e+002, 2.77359e+002, 1.43615e+002, 7.16477e+002,-1.30876e+002, 1.97863e+003, 1.91081e+003, 7.62055e+003, 1.08077e+004
 3,  67,       -4.32,       15.00,   0,0, 48883828.800,133443.8288,    1.6, 3.47423e+002,-8.09092e+001,-3.67792e+002, 2.54528e+002, 8.76694e+001, 6.98514e+002,-1.59264e+002, 2.04210e+003, 1.81109e+003, 7.62077e+003, 1.05350e+004
 3,  68,       -4.01,       15.00,   0,0, 48883928.800,133443.9288,    1.4, 4.63887e+002,-2.83288e+002,-3.24931e+002, 2.27363e+002, 7.79572e+001, 6.05486e+002,-1.62630e+002, 2.09017e+003, 1.78251e+003, 7.58054e+003, 1.02203e+004
 3,  69,       -3.70,       15.00,   0,0, 48884028.800,133444.0288,    0.8, 5.32322e+002,-2.49879e+002,-2.74129e+002, 2.28156e+002, 8.78532e+001, 5.91369e+002,-1.79785e+002, 2.06111e+003, 1.83564e+003, 7.53184e+003, 1.01626e+004
 3,  70,       -3.40,       15.00,   0,0, 48884128.800,133444.1288,    1.3, 4.56694e+002,-1.26050e+002,-2.74191e+002, 2.16484e+002, 9.09444e+001, 6.06756e+002,-2.06986e+002, 2.05260e+003, 1.84229e+003, 7.47207e+003, 1.02219e+004
 3,  71,       -3.09,       15.00,   0,0, 48884228.800,133444.2288,    5.0, 3.29664e+002,-1.78114e+001,-3.32720e+002, 2.13810e+002, 1.41750e+002, 6.44624e+002,-1.79338e+002, 2.04478e+003, 1.82951e+003, 7.44086e+003, 1.03263e+004
 3,  72,       -2.78,       15.00,   0,0, 48884328.800,133444.3288,    3.3, 1.79587e+002, 1.79996e+002,-4.35833e+002, 2.21483e+002, 2.08854e+002, 6.59813e+002,-1.31071e+002, 2.01681e+003, 1.85951e+003, 7.47354e+003, 1.05516e+004
 3,  73,       -2.47,       15.00,   0,0, 48884428.800,133444.4288,    8.4, 2.26852e+002, 3.71265e+001,-4.06783e+002, 2.84980e+002, 2.15241e+002, 6.66450e+002,-1.40208e+002, 2.04388e+003, 1.85121e+003, 7.55801e+003, 1.05905e+004
 3,  74,       -2.16,       15.00,   0,0, 48884528.800,133444.5288,    2.5, 4.41993e+002,-4.63280e+002,-2.32218e+002, 4.30437e+002, 2.16419e+002, 6.33051e+002,-1.66673e+002, 2.07513e+003, 1.73222e+003, 7.57993e+003, 1.02553e+004
 3,  75,       -1.85,       15.00,   0,0, 48884628.800,133444.6288,    0.7, 3.77302e+002,-2.47521e+002,-2.40290e+002, 3.91619e+002, 2.01985e+002, 6.09896e+002,-1.52456e+002, 2.04032e+003, 1.74973e+003, 7.53552e+003, 1.03298e+004
 3,  76,       -1.54,       15.00,   0,0, 48884728.800,133444.7288,    1.2, 2.55046e+002, 2.92173e+001,-3.33852e+002, 2.69825e+002, 1.92616e+002, 6.11129e+002,-1.48570e+002, 2.06828e+003, 1.87168e+003, 7.49599e+003, 1.04744e+004
 3,  77,       -1.23,       15.00,   0,0, 48884828.800,133444.8288,    1.1, 2.42947e+002,-5.49704e+001,-3.50857e+002, 2.66451e+002, 1.91359e+002, 6.42319e+002,-1.45041e+002, 2.07724e+003, 1.88070e+003, 7.56308e+003, 1.04941e+004
 3,  78,       -0.93,       15.00,   0,0, 48884928.800,133444.9288,    1.3, 2.90322e+002,-1.01274e+002,-3.14350e+002, 2.69096e+002, 1.81138e+002, 6.72396e+002,-1.34736e+002, 2.13462e+003, 1.90662e+003, 7.66611e+003, 1.06409e+004
 3,  79,       -0.62,       15.00,   0,0, 48885028.800,133445.0288,    2.8, 3.04151e+002,-3.67233e+001,-3.00106e+002, 2.35229e+002, 1.70116e+002, 7.10787e+002,-1.74797e+002, 2.17928e+003, 1.87951e+003, 7.76085e+003, 1.08494e+004
 3,  80,       -0.31,       15.00,   0,0, 48885128.800,133445.1288,    3.3, 2.82538e+002, 6.29107e+001,-3.58008e+002, 2.26260e+002, 1.72126e+002, 7.57213e+002,-2.06019e+002, 2.17961e+003, 1.78063e+003, 7.83168e+003, 1.10577e+004
 3,  81,        0.00,       15.00,   0,0, 48885228.800,133445.2288,    0.7, 4.11575e+002,-1.43931e+002,-3.53485e+002, 2.56320e+002, 2.08721e+002, 6.99479e+002,-2.39696e+002, 2.15678e+003, 1.72801e+003, 7.78983e+003, 1.07585e+004
 4,   0,        0.00,       20.00,   0,0, 48893228.800,133453.2288,    0.2, 3.70899e+002,-1.19899e+002,-4.37492e+002, 3.41866e+002, 5.10779e+001, 6.96808e+002,-2.11330e+002, 2.08210e+003, 1.79873e+003, 7.73624e+003, 1.07371e+004
 4,   1,       -0.31,       20.00,   0,0, 48893328.800,133453.3288,    0.4, 3.37166e+002,-9.09312e+001,-4.04645e+002, 3.20945e+002, 5.66062e+001, 6.59095e+002,-1.92189e+002, 2.12664e+003, 1.81870e+003, 7.76580e+003, 1.07816e+004
 4,   2,       -0.62,       20.00,   0,0, 48893428.800,133453.4288,    0.2, 2.85435e+002,-2.76864e+001,-3.64340e+002, 2.80886e+002, 7.82524e+001, 7.10936e+002,-1.62929e+002, 2.20803e+003, 1.82349e+003, 7.76633e+003, 1.09385e+004
 4,   3,       -0.93,       20.00,   0,0, 48893528.800,133453.5288,    0.4, 3.10367e+002,-6.07091e+001,-3.64425e+002, 2.41077e+002, 8.80014e+001, 7.07226e+002,-1.80195e+002, 2.20207e+003, 1.83685e+003, 7.76078e+003, 1.08505e+004
 4,   4,       -1.23,       20.00,   0,0, 48893628.800,133453.6288,    0.3, 3.04388e+002,-9.79199e+001,-3.86244e+002, 2.09009e+002, 8.15452e+001, 6.21273e+002,-1.97536e+002, 2.15610e+003, 1.83730e+003, 7.83678e+003, 1.07252e+004
 4,   5,       -1.54,       20.00,   0,0, 48893728.800,133453.7288,    0.2, 3.47372e+002,-6.82724e+001,-4.54122e+002, 2.37593e+002, 7.47464e+001, 6.33624e+002,-2.15132e+002, 2.14542e+003, 1.84547e+003, 7.84138e+003, 1.07897e+004
 4,   6,       -1.85,       20.00,   0,0, 48893828.800,133453.8288,    0.6, 4.01423e+002,-6.59043e+001,-4.81601e+002, 2.83819e+002, 9.10171e+001, 6.89913e+002,-2.16480e+002, 2.12847e+003, 1.82176e+003, 7.70607e+003, 1.07424e+004
 4,   7,       -2.16,       20.00,   0,0, 48893928.800,133453.9288,    3.3, 4.13462e+002,-1.09749e+002,-4.34411e+002, 2.85747e+002, 1.18894e+002, 6.94975e+002,-2.09525e+002, 2.07413e+003, 1.81762e+003, 7.69007e+003, 1.06352e+004
 4,   8,       -2.47,       20.00,   0,0, 48894028.800,133454.0288,    3.9, 4.11577e+002,-1.43912e+002,-4.25341e+002, 2.80974e+002, 1.76068e+002, 6.83723e+002,-2.21745e+002, 2.06162e+003, 1.82075e+003, 7.76882e+003, 1.06512e+004
 4,   9,       -2.78,       20.00,   0,0, 48894128.800,133454.1288,    2.7, 2.88465e+002, 4.28574e+001,-4.55273e+002, 2.86564e+002, 1.61239e+002, 6.65221e+002,-2.07659e+002, 2.11844e+003, 1.80600e+003, 7.78266e+003, 1.08957e+004
 4,  10,       -3.09,       20.00,   0,0, 48894228.800,133454.2288,    1.6, 2.06185e+002, 1.30508e+002,-4.93252e+002, 2.90234e+002, 1.06699e+002, 6.91755e+002,-1.96102e+002, 2.15792e+003, 1.79851e+003, 7.74877e+003, 1.10192e+004
 4,  11,       -3.40,       20.00,   0,0, 48894328.800,133454.3288,    2.9, 2.84187e+002,-1.87937e+002,-4.45602e+002, 2.78710e+002, 9.44354e+001, 6.96825e+002,-1.98847e+002, 2.15498e+003, 1.78783e+003, 7.69217e+003, 1.06348e+004
 4,  12,       -3.70,       20.00,   0,0, 48894428.800,133454.4288,    1.4, 3.80715e+002,-2.84167e+002,-3.40961e+002, 2.85883e+002, 8.26274e+001, 6.66977e+002,-2.10327e+002, 2.14310e+003, 1.77986e+003, 7.66076e+003, 1.04726e+004
 4,  13,       -4.01,       20.00,   0,0, 48894528.800,133454.5288,    5.5, 3.25734e+002,-9.85573e+001,-3.38065e+002, 2.75941e+002, 4.67669e+001, 6.52447e+002,-2.20330e+002, 2.15105e+003, 1.74863e+003, 7.73796e+003, 1.07188e+004
 4,  14,       -4.32,       20.00,   0,0, 48894628.800,133454.6288,   11.8, 2.63586e+002,-2.50091e+001,-3.61342e+002, 2.42534e+002, 2.29328e+001, 6.85959e+002,-2.24341e+002, 2.19104e+003, 1.69748e+003, 7.89426e+003, 1.09888e+004
 4,  15,       -4.63,       20.00,   0,0, 48894728.800,133454.7288,    3.0, 4.54194e+002,-2.00277e+001,-3.22708e+002, 2.77624e+002, 4.51446e+000, 6.66173e+002,-2.27567e+002, 2.16312e+003, 1.74070e+003, 7.94714e+003, 1.10340e+004
 4,  16,       -4.94,       20.00,   0,0, 48894828.800,133454.8288,    1.9, 4.14378e+002, 3.34005e+001,-3.83902e+002, 2.70232e+002,-2.48516e+001, 6.71777e+002,-2.51050e+002, 2.06687e+003, 1.82144e+003, 7.86260e+003, 1.09049e+004
 4,  17,       -5.25,       20.00,   0,0, 48894928.800,133454.9288,    1.3, 2.53629e+002, 5.33968e+001,-4.42258e+002, 1.77519e+002, 3.73608e+001, 6.76495e+002,-2.75706e+002, 2.05133e+003, 1.83590e+003, 7.80484e+003, 1.07636e+004
 4,  18,       -5.56,       20.00,   0,0, 48895028.800,133455.0288,    1.7, 2.66340e+002, 2.26679e+001,-3.91368e+002, 1.63524e+002, 1.27692e+002, 6.85621e+002,-2.71195e+002, 2.10611e+003, 1.78537e+003, 7.74058e+003, 1.07185e+004
 4,  19,       -5.86,       20.00,   0,0, 48895128.800,133455.1288,    3.1, 2.93338e+002,-2.75765e+001,-3.59862e+002, 2.67868e+002, 9.52791e+001, 7.12059e+002,-2.13336e+002, 2.06008e+003, 1.81809e+003, 7.63128e+003, 1.06437e+004
 4,  20,       -6.17,       20.00,   0,0, 48895228.800,133455.2288,    3.2, 4.35333e+002,-2.69154e+002,-3.25664e+002, 3.20921e+002, 7.76162e+001, 7.03980e+002,-2.12064e+002, 2.06014e+003, 1.87929e+003, 7.61395e+003, 1.04298e+004
 4,  21,       -6.48,       20.00,   0,0, 48895328.800,133455.3288,    2.5, 5.62246e+002,-4.06660e+002,-3.25004e+002, 2.98180e+002, 9.15272e+001, 6.47801e+002,-2.69320e+002, 2.17379e+003, 1.88823e+003, 7.72267e+003, 1.04358e+004
 4,  22,       -6.79,       20.00,   0,0, 48895428.800,133455.4288,    2.0, 4.24726e+002,-2.16247e+002,-4.45842e+002, 2.15933e+002, 9.17652e+001, 6.23006e+002,-2.90219e+002, 2.16942e+003, 1.81886e+003, 7.70279e+003, 1.04949e+004
 4,  23,       -7.10,       20.00,   0,0, 48895528.800,133455.5288,    2.3, 3.28478e+002, 4.86481e+000,-4.76417e+002, 2.00651e+002, 1.40570e+002, 6.12700e+002,-2.69337e+002, 2.11776e+003, 1.75310e+003, 7.49377e+003, 1.04297e+004
 4,  24,       -7.41,       20.00,   0,0, 48895628.800,133455.6288,    1.8, 3.04847e+002, 1.03825e+002,-3.89773e+002, 2.08629e+002, 1.88483e+002, 6.05733e+002,-1.94752e+002, 2.04860e+003, 1.77123e+003, 7.34691e+003, 1.03137e+004
 4,  25,       -7.72,       20.00,   0,0, 48895728.800,133455.7288,    0.7, 4.07214e+002,-4.32841e+001,-3.06785e+002, 2.03011e+002, 1.69577e+002, 6.27327e+002,-1.54007e+002, 2.03291e+003, 1.82198e+003, 7.37527e+003, 1.01952e+004
 4,  26,       -8.02,       20.00,   0,0, 48895828.800,133455.8288,    4.4, 4.16891e+002,-3.65213e+001,-3.64273e+002, 2.55346e+002, 1.43364e+002, 6.60068e+002,-1.55619e+002, 2.06568e+003, 1.81440e+003, 7.48634e+003, 1.04309e+004
 4,  27,       -8.33,       20.00,   0,0, 48895928.800,133455.9288,   14.0, 2.87296e+002, 1.55894e+002,-3.91555e+002, 2.66673e+002, 1.28327e+002, 7.07429e+002,-1.51517e+002, 2.08449e+003, 1.82234e+003, 7.60956e+003, 1.08240e+004
 4,  28,       -8.64,       20.00,   0,0, 48896028.800,133456.0288,   10.6, 4.83015e+002,-5.97650e+001,-3.37884e+002, 2.01190e+002, 1.10058e+002, 6.54694e+002,-1.26658e+002, 2.11475e+003, 1.83825e+003, 7.78140e+003, 1.06923e+004
 4,  29,       -8.95,       20.00,   0,0, 48896128.800,133456.1288,    2.7, 5.53459e+002,-3.94530e+002,-3.57422e+002, 1.20717e+002, 1.24923e+002, 6.44533e+002,-7.85722e+001, 2.10327e+003, 1.80816e+003, 7.78698e+003, 1.02610e+004
 4,  30,       -9.26,       20.00,   0,0, 48896228.800,133456.2288,    3.0, 2.69329e+002,-3.10340e+002,-4.33161e+002, 2.00624e+002, 1.20665e+002, 5.94588e+002,-1.33673e+002, 2.02219e+003, 1.77789e+003, 7.61204e+003, 1.01191e+004
 4,  31,       -9.57,       20.00,   0,0, 48896328.800,133456.3288,    1.4, 2.29428e+002,-9.11386e+001,-4.38337e+002, 3.04779e+002, 1.24219e+002, 5.68516e+002,-2.03867e+002, 2.00212e+003, 1.77968e+003, 7.50052e+003, 1.02848e+004
 4,  32,       -9.88,       20.00,   0,0, 48896428.800,133456.4288,    1.4, 2.52097e+002,-6.95492e+001,-4.08682e+002, 2.48367e+002, 1.18519e+002, 6.15003e+002,-2.09787e+002, 2.01017e+003, 1.77469e+003, 7.46670e+003, 1.02707e+004
 4,  33,      -10.19,       20.00,   0,0, 48896528.800,133456.5288,    0.6, 3.80332e+002,-2.66012e+002,-3.44946e+002, 2.45770e+002, 8.33007e+001, 6.89672e+002,-1.85165e+002, 2.03370e+003, 1.86660e+003, 7.49135e+003, 1.01945e+004
 4,  34,      -10.49,       20.00,   0,0, 48896628.800,133456.6288,    2.8, 4.17637e+002,-2.08905e+002,-3.42117e+002, 2.94063e+002, 6.84996e+001, 6.95025e+002,-1.43758e+002, 2.06360e+003, 1.93738e+003, 7.58060e+003, 1.04244e+004
 4,  35,      -10.80,       20.00,   0,0, 48896728.800,133456.7288,    3.5, 4.35063e+002,-2.40326e+002,-3.53506e+002, 2.66322e+002, 1.04821e+002, 6.11645e+002,-1.28557e+002, 2.07361e+003, 1.90132e+003, 7.61131e+003, 1.03226e+004
 4,  36,      -11.11,       20.00,   0,0, 48896828.800,133456.8288,    3.0, 3.73683e+002,-1.17151e+002,-3.28879e+002, 2.60664e+002, 1.43984e+002, 5.60032e+002,-1.80503e+002, 2.08563e+003, 1.89962e+003, 7.51944e+003, 1.03086e+004
 4,  37,      -11.42,       20.00,   0,0, 48896928.800,133456.9288,    0.8, 2.96921e+002, 7.97542e+001,-4.12983e+002, 2.71196e+002, 1.38925e+002, 5.49220e+002,-2.32616e+002, 2.06438e+003, 1.92480e+003, 7.43850e+003, 1.04030e+004
 4,  38,      -11.73,       20.00,   0,0, 48897028.800,133457.0288,    0.9, 3.50070e+002,-1.32987e+002,-4.20560e+002, 2.91331e+002, 1.54020e+002, 5.35470e+002,-2.70981e+002, 2.06559e+003, 1.91720e+003, 7.46531e+003, 1.02247e+004
 4,  39,      -12.04,       20.00,   0,0, 48897128.800,133457.1288,    4.5, 3.72436e+002,-1.00946e+002,-3.30169e+002, 3.18583e+002, 1.51900e+002, 5.71582e+002,-2.26041e+002, 2.12542e+003, 1.90162e+003, 7.52611e+003, 1.04407e+004
 4,  40,      -12.35,       20.00,   0,0, 48897228.800,133457.2288,   17.0, 2.25615e+002, 1.77452e+002,-3.67957e+002, 2.84583e+002, 1.61049e+002, 6.58426e+002,-1.27329e+002, 2.14078e+003, 1.91492e+003, 7.67703e+003, 1.09383e+004
 4,  41,      -12.65,       20.00,   0,0, 48897328.800,133457.3288,   14.2, 1.71128e+002, 2.25996e+002,-4.55790e+002, 2.60326e+002, 2.13883e+002, 6.89107e+002,-1.42246e+002, 2.15910e+003, 1.88653e+003, 7.85791e+003, 1.11924e+004
 4,  42,      -12.96,       20.00,   0,0, 48897428.800,133457.4288,    4.9, 3.21270e+002,-5.55208e+001,-4.12455e+002, 3.16867e+002, 2.18352e+002, 6.49056e+002,-1.92739e+002, 2.15857e+003, 1.83701e+003, 7.81897e+003, 1.08879e+004
 4,  43,      -13.27,       20.00,   0,0, 48897528.800,133457.5288,    4.1, 2.40119e+002,-6.00441e+001,-4.33292e+002, 2.64460e+002, 1.36637e+002, 6.27298e+002,-1.76712e+002, 2.10123e+003, 1.79413e+003, 7.71380e+003, 1.06468e+004
 4,  44,      -13.58,       20.00,   0,0, 48897628.800,133457.6288,    2.1, 6.63897e+001, 2.16309e+002,-4.77599e+002, 2.88076e+002, 1.37679e+002, 6.54472e+002,-1.58250e+002, 2.03958e+003, 1.81260e+003, 7.63205e+003, 1.08305e+004
 4,  45,      -13.89,       20.00,   0,0, 48897728.800,133457.7288,    1.1, 1.21221e+002, 2.34400e+002,-4.41503e+002, 3.07883e+002, 2.07645e+002, 6.66165e+002,-1.68336e+002, 2.06145e+003, 1.82640e+003, 7.58858e+003, 1.08585e+004
 4,  46,      -14.20,       20.00,   0,0, 48897828.800,133457.8288,    3.1, 3.92322e+002,-1.78307e+002,-3.47841e+002, 2.69497e+002, 2.02764e+002, 7.01007e+002,-1.46505e+002, 2.10537e+003, 1.81601e+003, 7.59302e+003, 1.04906e+004
 4,  47,      -14.51,       20.00,   0,0, 48897928.800,133457.9288,    2.7, 5.96681e+002,-3.53733e+002,-2.58169e+002, 2.79177e+002, 2.12227e+002, 7.08601e+002,-1.34475e+002, 2.10011e+003, 1.85235e+003, 7.66004e+003, 1.03942e+004
 4,  48,      -14.81,       20.00,   0,0, 48898028.800,133458.0288,    3.0, 5.41970e+002,-2.04704e+002,-2.84595e+002, 3.14386e+002, 2.13972e+002, 6.44113e+002,-1.64666e+002, 2.08510e+003, 1.86654e+003, 7.70876e+003, 1.05477e+004
 4,  49,      -15.12,       20.00,   0,0, 48898128.800,133458.1288,    1.6, 3.36560e+002, 1.13996e+002,-3.99595e+002, 2.73279e+002, 1.64241e+002, 6.43495e+002,-1.71433e+002, 2.08254e+003, 1.85076e+003, 7.68908e+003, 1.08024e+004
 4,  50,      -15.43,       20.00,   0,0, 48898228.800,133458.2288,    0.9, 2.99439e+002, 1.21873e+002,-4.22409e+002, 2.93960e+002, 1.33458e+002, 6.63814e+002,-1.62941e+002, 2.05983e+003, 1.84406e+003, 7.62978e+003, 1.07693e+004
 4,  51,      -15.74,       20.00,   0,0, 48898328.800,133458.3288,    2.1, 3.06614e+002, 2.66293e+001,-3.84644e+002, 2.81771e+002, 1.04046e+002, 6.55513e+002,-1.69137e+002, 2.09217e+003, 1.86228e+003, 7.60921e+003, 1.06653e+004
 4,  52,      -16.05,       20.00,   0,0, 48898428.900,133458.4289,    4.3, 3.15253e+002,-6.58510e+001,-3.10354e+002, 2.95050e+002, 1.30878e+002, 6.80543e+002,-1.66982e+002, 2.15312e+003, 1.91678e+003, 7.63075e+003, 1.06936e+004
 4,  53,      -16.36,       20.00,   0,0, 48898528.800,133458.5288,   30.8, 2.40653e+002, 1.09668e+002,-3.40082e+002, 2.90841e+002, 2.15562e+002, 7.02828e+002,-1.35307e+002, 2.12983e+003, 1.97196e+003, 7.73996e+003, 1.09731e+004
 4,  54,      -16.67,       20.00,   0,0, 48898628.900,133458.6289,   12.7, 4.15486e+002,-1.02071e+002,-3.11859e+002, 2.59912e+002, 2.16085e+002, 6.49772e+002,-1.58079e+002, 2.13954e+003, 1.97192e+003, 7.93013e+003, 1.08773e+004
 4,  55,      -16.98,       20.00,   0,0, 48898728.900,133458.7289,    2.1, 6.96513e+002,-5.05161e+002,-2.13569e+002, 2.75992e+002, 1.63698e+002, 6.13018e+002,-1.68269e+002, 2.13332e+003, 1.95243e+003, 7.92896e+003, 1.04461e+004
 4,  56,      -17.28,       20.00,   0,0, 48898828.900,133458.8289,    1.9, 5.88850e+002,-9.09865e+001,-2.89090e+002, 2.56940e+002, 1.67878e+002, 6.42464e+002,-1.26848e+002, 2.10323e+003, 1.90785e+003, 7.81801e+003, 1.07297e+004
 4,  57,      -17.59,       20.00,   0,0, 48898928.900,133458.9289,    0.7, 4.88479e+002, 7.30428e+001,-3.45355e+002, 2.49055e+002, 2.08878e+002, 6.74436e+002,-1.53448e+002, 2.10401e+003, 1.91224e+003, 7.74742e+003, 1.08480e+004
 4,  58,      -17.90,       20.00,   0,0, 48899028.900,133459.0289,    1.2, 4.54823e+002,-2.83475e+001,-3.16798e+002, 2.52003e+002, 1.91330e+002, 6.87987e+002,-1.69894e+002, 2.07033e+003, 1.97484e+003, 7.68323e+003, 1.06652e+004
 4,  59,      -18.21,       20.00,   0,0, 48899128.900,133459.1289,    4.6, 4.82823e+002,-1.73799e+002,-2.42760e+002, 2.48435e+002, 2.17994e+002, 6.93077e+002,-1.51945e+002, 2.07511e+003, 1.98120e+003, 7.76391e+003, 1.06067e+004
 4,  60,      -18.52,       20.00,   0,0, 48899228.900,133459.2289,    3.1, 4.42822e+002,-2.06725e+002,-2.32407e+002, 2.59378e+002, 2.04049e+002, 6.83162e+002,-1.55220e+002, 2.14619e+003, 1.95776e+003, 7.91119e+003, 1.07932e+004
 4,  61,      -18.83,       20.00,   0,0, 48899328.900,133459.3289,    2.6, 2.86374e+002, 1.13665e+002,-2.57172e+002, 2.33583e+002, 1.67196e+002, 6.75337e+002,-1.50203e+002, 2.20474e+003, 1.96148e+003, 7.86877e+003, 1.10961e+004
 4,  62,      -19.14,       20.00,   0,0, 48899428.900,133459.4289,    2.2, 2.52992e+002, 1.07014e+002,-2.67495e+002, 2.01407e+002, 1.69107e+002, 6.55526e+002,-1.53581e+002, 2.13959e+003, 1.92616e+003, 7.75438e+003, 1.08579e+004
 4,  63,      -19.44,       20.00,   0,0, 48899528.900,133459.5289,    0.8, 2.71352e+002,-2.15633e+001,-3.32846e+002, 2.43540e+002, 1.80713e+002, 6.57186e+002,-1.62793e+002, 2.07928e+003, 1.89746e+003, 7.66932e+003, 1.06278e+004
 4,  64,      -19.75,       20.00,   0,0, 48899628.900,133459.6289,    1.7, 3.93793e+002,-1.04963e+002,-3.85565e+002, 3.09614e+002, 1.97177e+002, 6.54466e+002,-1.43114e+002, 2.09959e+003, 1.91101e+003, 7.64177e+003, 1.06005e+004
 4,  65,      -20.06,       20.00,   0,0, 48899728.900,133459.7289,    4.1, 4.58083e+002,-1.26026e+002,-3.62099e+002, 3.39359e+002, 1.49256e+002, 6.17241e+002,-9.63542e+001, 2.10351e+003, 1.93369e+003, 7.74533e+003, 1.06794e+004
 4,  66,      -20.37,       20.00,   0,0, 48899828.900,133459.8289,    4.2, 3.71725e+002, 1.19590e+002,-3.23215e+002, 2.77543e+002, 1.08276e+002, 6.31445e+002,-8.34005e+001, 2.15643e+003, 1.97782e+003, 7.89023e+003, 1.10752e+004
 4,  67,      -20.68,       20.00,   0,0, 48899928.900,133459.9289,    1.7, 3.77884e+002, 7.92064e+001,-2.94009e+002, 2.48532e+002, 1.22898e+002, 6.52688e+002,-1.26205e+002, 2.21357e+003, 2.01481e+003, 7.95203e+003, 1.11460e+004
 4,  68,      -20.99,       20.00,   0,0, 48900028.900,133500.0289,    0.7, 4.57336e+002,-2.58565e+002,-2.64700e+002, 2.75030e+002, 1.52907e+002, 6.54738e+002,-1.70346e+002, 2.23351e+003, 2.07931e+003, 7.89991e+003, 1.08046e+004
 4,  69,      -21.30,       20.00,   0,0, 48900128.900,133500.1289,    1.9, 4.25471e+002,-2.97144e+002,-2.77729e+002, 2.89544e+002, 1.13778e+002, 6.20488e+002,-1.43853e+002, 2.19780e+003, 2.01070e+003, 7.83025e+003, 1.06409e+004
 4,  70,      -21.60,       20.00,   0,0, 48900228.900,133500.2289,    3.0, 3.38083e+002,-1.56324e+002,-3.01959e+002, 2.21591e+002, 9.20556e+001, 6.37619e+002,-1.01540e+002, 2.12680e+003, 1.93814e+003, 7.86279e+003, 1.06925e+004
 4,  71,      -21.91,       20.00,   0,0, 48900328.900,133500.3289,    2.2, 2.96035e+002,-4.93252e+001,-3.43568e+002, 1.91622e+002, 1.32846e+002, 6.50973e+002,-1.10659e+002, 2.14670e+003, 1.97576e+003, 7.85879e+003, 1.07988e+004
 4,  72,      -22.22,       20.00,   0,0, 48900428.900,133500.4289,    7.3, 4.16850e+002,-1.96202e+002,-3.39604e+002, 2.31375e+002, 1.25636e+002, 6.57536e+002,-1.42656e+002, 2.21677e+003, 1.96122e+003, 7.85374e+003, 1.07632e+004
 4,  73,      -22.53,       20.00,   0,0, 48900528.900,133500.5289,    7.1, 8.02710e+002,-6.12913e+002,-2.13930e+002, 3.26532e+002, 1.06912e+002, 6.76090e+002,-2.08603e+002, 2.14151e+003, 1.94247e+003, 7.91906e+003, 1.04503e+004
 4,  74,      -22.84,       20.00,   0,0, 48900628.900,133500.6289,    3.8, 7.22788e+002,-4.66512e+002,-3.05372e+002, 3.85470e+002, 1.40301e+002, 6.97045e+002,-1.82480e+002, 2.07968e+003, 1.98884e+003, 7.97687e+003, 1.06726e+004
 4,  75,      -23.15,       20.00,   0,0, 48900728.900,133500.7289,    2.7, 1.80838e+002, 1.28882e+002,-4.70879e+002, 3.17320e+002, 1.51750e+002, 7.17791e+002,-1.35228e+002, 2.16555e+003, 2.02296e+003, 7.95152e+003, 1.12811e+004
 4,  76,      -23.46,       20.00,   0,0, 48900828.900,133500.8289,    1.6, 1.89108e+002, 1.48994e+002,-4.17459e+002, 2.25402e+002, 1.55570e+002, 6.96131e+002,-1.32095e+002, 2.16920e+003, 1.95258e+003, 7.91759e+003, 1.11573e+004
 4,  77,      -23.77,       20.00,   0,0, 48900928.900,133500.9289,    2.8, 3.23765e+002, 2.23065e+001,-3.79947e+002, 2.29675e+002, 1.70262e+002, 6.81902e+002,-1.54013e+002, 2.17202e+003, 1.93587e+003, 7.90870e+003, 1.10146e+004
 4,  78,      -24.07,       20.00,   0,0, 48901028.900,133501.0289,    4.9, 4.25087e+002,-1.24407e+002,-2.94326e+002, 2.61156e+002, 1.55783e+002, 6.73174e+002,-1.93493e+002, 2.22815e+003, 2.00238e+003, 7.86160e+003, 1.08997e+004
 4,  79,      -24.38,       20.00,   0,0, 48901128.900,133501.1289,    4.3, 4.42858e+002,-1.16542e+002,-2.83133e+002, 2.45735e+002, 1.46631e+002, 6.46149e+002,-2.25738e+002, 2.21453e+003, 1.98172e+003, 7.83475e+003, 1.08246e+004
 4,  80,      -24.69,       20.00,   0,0, 48901228.900,133501.2289,    1.3, 4.04310e+002, 2.74515e+001,-2.95239e+002, 1.88818e+002, 1.52487e+002, 6.42380e+002,-2.19885e+002, 2.17407e+003, 1.89734e+003, 7.83001e+003, 1.08627e+004
 4,  81,      -25.00,       20.00,   0,0, 48901328.900,133501.3289,    0.7, 4.81452e+002, 4.74408e+001,-2.90941e+002, 2.09749e+002, 1.68683e+002, 6.96378e+002,-1.47069e+002, 2.20425e+003, 1.91265e+003, 7.86026e+003, 1.10181e+004
