Line,Sample,X,Y,Mark,Status,Time[ms],Time[hhmmss.sss],PowerLn,I_63030Hz,Q_63030Hz,I_69510Hz,Q_69510Hz,I_76590Hz,Q_76590Hz,I_84450Hz,Q_84450Hz,I_93090Hz,Q_93090Hz,QSum
 0,   0,        0.00,        0.00,   0,0, 37596990.800,102636.9908,  144.6, 5.71490e+004, 2.24523e+004, 6.08193e+004, 1.75223e+004, 6.39972e+004, 1.54440e+004, 6.61037e+004, 1.59980e+004, 6.61717e+004, 2.29023e+004, 9.43189e+004
 0,   1,       -0.43,        0.00,   0,0, 37597090.800,102637.0908,  142.4, 5.61187e+004, 2.21281e+004, 6.08305e+004, 1.75452e+004, 6.40689e+004, 1.52022e+004, 6.59108e+004, 1.60498e+004, 6.64015e+004, 2.25993e+004, 9.35246e+004
 0,   2,       -0.87,        0.00,   0,0, 37597190.800,102637.1908,  137.7, 5.53140e+004, 2.14714e+004, 6.05836e+004, 1.75035e+004, 6.37735e+004, 1.54552e+004, 6.57941e+004, 1.60396e+004, 6.63546e+004, 2.26982e+004, 9.31678e+004
 0,   3,       -1.30,        0.00,   0,0, 37597290.800,102637.2908,  134.6, 5.49940e+004, 2.03759e+004, 6.03347e+004, 1.75391e+004, 6.33867e+004, 1.55895e+004, 6.57311e+004, 1.61964e+004, 6.60741e+004, 2.29359e+004, 9.26367e+004
 0,   4,       -1.74,        0.00,   0,0, 37597390.800,102637.3908,  135.1, 5.49174e+004, 1.91215e+004, 6.03183e+004, 1.75249e+004, 6.34760e+004, 1.56485e+004, 6.52773e+004, 1.61465e+004, 6.56409e+004, 2.28256e+004, 9.12670e+004
 0,   5,       -2.17,        0.00,   0,0, 37597490.800,102637.4908,  133.3, 5.53279e+004, 1.79873e+004, 5.99901e+004, 1.71149e+004, 6.31566e+004, 1.53174e+004, 6.47345e+004, 1.57390e+004, 6.51157e+004, 2.26786e+004, 8.88372e+004
 0,   6,       -2.61,        0.00,   0,0, 37597590.800,102637.5908,  139.8, 5.62870e+004, 1.74109e+004, 5.92925e+004, 1.65434e+004, 6.26702e+004, 1.51014e+004, 6.44753e+004, 1.55541e+004, 6.47562e+004, 2.25315e+004, 8.71413e+004
 0,   7,       -3.04,        0.00,   0,0, 37597690.800,102637.6908,  145.6, 5.73381e+004, 1.79022e+004, 5.91032e+004, 1.66654e+004, 6.22621e+004, 1.52674e+004, 6.42817e+004, 1.56569e+004, 6.46786e+004, 2.25620e+004, 8.80538e+004
 0,   8,       -3.48,        0.00,   0,0, 37597790.800,102637.7908,  143.0, 5.80204e+004, 1.90803e+004, 5.84508e+004, 1.69915e+004, 6.17975e+004, 1.56590e+004, 6.39771e+004, 1.58053e+004, 6.43733e+004, 2.27500e+004, 9.02861e+004
 0,   9,       -3.91,        0.00,   0,0, 37597890.800,102637.8908,  136.2, 5.76690e+004, 2.04354e+004, 5.78084e+004, 1.69164e+004, 6.13011e+004, 1.58012e+004, 6.34917e+004, 1.59163e+004, 6.38624e+004, 2.28029e+004, 9.18723e+004
 0,  10,       -4.35,        0.00,   0,0, 37597990.800,102637.9908,  134.6, 5.61729e+004, 2.11732e+004, 5.73425e+004, 1.66412e+004, 6.06001e+004, 1.51934e+004, 6.26542e+004, 1.57841e+004, 6.29774e+004, 2.24536e+004, 9.12454e+004
 0,  11,       -4.78,        0.00,   0,0, 37598090.800,102638.0908,  137.6, 5.41617e+004, 2.17339e+004, 5.65391e+004, 1.64563e+004, 5.96710e+004, 1.44558e+004, 6.14644e+004, 1.55981e+004, 6.20238e+004, 2.23870e+004, 9.06311e+004
 0,  12,       -5.22,        0.00,   0,0, 37598190.800,102638.1908,  128.4, 5.19252e+004, 2.21129e+004, 5.56670e+004, 1.63273e+004, 5.86904e+004, 1.43649e+004, 6.03677e+004, 1.55388e+004, 6.08493e+004, 2.23376e+004, 9.06815e+004
 0,  13,       -5.65,        0.00,   0,0, 37598290.800,102638.2908,  118.2, 4.87100e+004, 2.12362e+004, 5.37233e+004, 1.61392e+004, 5.70527e+004, 1.46802e+004, 5.87716e+004, 1.52150e+004, 5.91375e+004, 2.23779e+004, 8.96485e+004
 0,  14,       -6.09,        0.00,   0,0, 37598390.800,102638.3908,  111.5, 4.55022e+004, 1.91263e+004, 5.08648e+004, 1.60314e+004, 5.40456e+004, 1.46040e+004, 5.58984e+004, 1.48097e+004, 5.64574e+004, 2.22622e+004, 8.68336e+004
 0,  15,       -6.52,        0.00,   0,0, 37598490.800,102638.4908,  115.2, 4.34102e+004, 1.73248e+004, 4.78325e+004, 1.56148e+004, 5.08390e+004, 1.41702e+004, 5.26890e+004, 1.48639e+004, 5.30611e+004, 2.18350e+004, 8.38087e+004
 0,  16,       -6.96,        0.00,   0,0, 37598590.800,102638.5908,  119.3, 4.23490e+004, 1.68885e+004, 4.57931e+004, 1.54427e+004, 4.86722e+004, 1.39335e+004, 5.01843e+004, 1.49092e+004, 5.04726e+004, 2.18774e+004, 8.30514e+004
 0,  17,       -7.39,        0.00,   0,0, 37598690.800,102638.6908,  114.7, 4.11271e+004, 1.75953e+004, 4.31963e+004, 1.56884e+004, 4.60232e+004, 1.38246e+004, 4.77075e+004, 1.48512e+004, 4.79698e+004, 2.19532e+004, 8.39129e+004
 0,  18,       -7.83,        0.00,   0,0, 37598790.800,102638.7908,  100.6, 3.75431e+004, 1.87455e+004, 3.94428e+004, 1.55509e+004, 4.21534e+004, 1.37607e+004, 4.42723e+004, 1.48893e+004, 4.43416e+004, 2.20200e+004, 8.49664e+004
 0,  19,       -8.26,        0.00,   0,0, 37598890.800,102638.8908,   74.5, 3.09028e+004, 1.86723e+004, 3.39556e+004, 1.53159e+004, 3.68490e+004, 1.35486e+004, 3.87673e+004, 1.47357e+004, 3.89582e+004, 2.21564e+004, 8.44288e+004
 0,  20,       -8.70,        0.00,   0,0, 37598990.800,102638.9908,   67.2, 2.35541e+004, 1.69803e+004, 2.72032e+004, 1.48296e+004, 3.02431e+004, 1.31452e+004, 3.18592e+004, 1.44223e+004, 3.20674e+004, 2.20005e+004, 8.13780e+004
 0,  21,       -9.13,        0.00,   0,0, 37599090.800,102639.0908,   71.8, 1.92718e+004, 1.59334e+004, 2.19939e+004, 1.44974e+004, 2.48203e+004, 1.27951e+004, 2.64399e+004, 1.40956e+004, 2.65014e+004, 2.19316e+004, 7.92531e+004
 0,  22,       -9.57,        0.00,   0,0, 37599190.800,102639.1908,   56.8, 1.68711e+004, 1.64950e+004, 1.86797e+004, 1.42618e+004, 2.14519e+004, 1.27873e+004, 2.31391e+004, 1.40533e+004, 2.32992e+004, 2.19381e+004, 7.95354e+004
 0,  23,      -10.00,        0.00,   0,0, 37599290.800,102639.2908,   43.1, 1.34610e+004, 1.72894e+004, 1.60227e+004, 1.41736e+004, 1.87498e+004, 1.28216e+004, 2.03569e+004, 1.39444e+004, 2.05742e+004, 2.19771e+004, 8.02061e+004
 0,  24,      -10.43,        0.00,   0,0, 37599390.800,102639.3908,   43.2, 9.74061e+003, 1.66413e+004, 1.37445e+004, 1.40295e+004, 1.65208e+004, 1.26515e+004, 1.80406e+004, 1.39151e+004, 1.81588e+004, 2.20250e+004, 7.92625e+004
 0,  25,      -10.87,        0.00,   0,0, 37599490.800,102639.4908,   40.8, 8.13856e+003, 1.47833e+004, 1.20578e+004, 1.38385e+004, 1.47648e+004, 1.26424e+004, 1.62122e+004, 1.38974e+004, 1.63635e+004, 2.20266e+004, 7.71881e+004
 0,  26,      -11.30,        0.00,   0,0, 37599590.800,102639.5908,   26.5, 8.24865e+003, 1.39059e+004, 1.05578e+004, 1.36688e+004, 1.32603e+004, 1.26099e+004, 1.47064e+004, 1.39493e+004, 1.48762e+004, 2.21089e+004, 7.62428e+004
 0,  27,      -11.74,        0.00,   0,0, 37599690.800,102639.6908,   46.5, 8.48738e+003, 1.50895e+004, 9.55489e+003, 1.36968e+004, 1.22393e+004, 1.25517e+004, 1.36841e+004, 1.40375e+004, 1.37380e+004, 2.22320e+004, 7.76076e+004
 0,  28,      -12.17,        0.00,   0,0, 37599790.800,102639.7908,   53.4, 7.43260e+003, 1.68462e+004, 9.04615e+003, 1.37266e+004, 1.16167e+004, 1.24781e+004, 1.31618e+004, 1.39474e+004, 1.31794e+004, 2.21686e+004, 7.91668e+004
 0,  29,      -12.61,        0.00,   0,0, 37599890.800,102639.8908,   46.7, 5.12541e+003, 1.68859e+004, 8.58852e+003, 1.35519e+004, 1.11521e+004, 1.23762e+004, 1.26603e+004, 1.38396e+004, 1.27177e+004, 2.21068e+004, 7.87603e+004
 0,  30,      -13.04,        0.00,   0,0, 37599990.800,102639.9908,   44.1, 3.73745e+003, 1.51695e+004, 7.94794e+003, 1.33893e+004, 1.03995e+004, 1.22824e+004, 1.19457e+004, 1.38526e+004, 1.21368e+004, 2.20558e+004, 7.67496e+004
 0,  31,      -13.48,        0.00,   0,0, 37600090.800,102640.0908,   47.5, 3.92271e+003, 1.38186e+004, 6.98976e+003, 1.32090e+004, 9.55100e+003, 1.21900e+004, 1.10069e+004, 1.37731e+004, 1.10395e+004, 2.19929e+004, 7.49837e+004
 0,  32,      -13.91,        0.00,   0,0, 37600190.800,102640.1908,   48.9, 4.16626e+003, 1.42669e+004, 5.78422e+003, 1.31684e+004, 8.41422e+003, 1.21558e+004, 9.87690e+003, 1.38195e+004, 9.95489e+003, 2.21274e+004, 7.55380e+004
 0,  33,      -14.35,        0.00,   0,0, 37600290.800,102640.2908,   61.3, 3.04022e+003, 1.59737e+004, 4.65827e+003, 1.33007e+004, 7.24996e+003, 1.24082e+004, 8.73024e+003, 1.40137e+004, 8.81063e+003, 2.24737e+004, 7.81700e+004
 0,  34,      -14.78,        0.00,   0,0, 37600390.800,102640.3908,   68.2, 1.08775e+003, 1.69422e+004, 3.88557e+003, 1.37447e+004, 6.73278e+003, 1.27611e+004, 8.21408e+003, 1.42951e+004, 8.21982e+003, 2.30321e+004, 8.07753e+004
 0,  35,      -15.22,        0.00,   0,0, 37600490.800,102640.4908,   41.3, 1.94061e+002, 1.62735e+004, 3.93103e+003, 1.42240e+004, 6.78310e+003, 1.30592e+004, 8.31753e+003, 1.47716e+004, 8.36359e+003, 2.34504e+004, 8.17787e+004
 0,  36,      -15.65,        0.00,   0,0, 37600590.800,102640.5908,   52.1, 1.58207e+003, 1.53184e+004, 4.58588e+003, 1.45098e+004, 7.37463e+003, 1.34052e+004, 8.69139e+003, 1.52386e+004, 8.86679e+003, 2.39117e+004, 8.23837e+004
 0,  37,      -16.09,        0.00,   0,0, 37600690.800,102640.6908,   37.9, 3.61702e+003, 1.65960e+004, 5.26567e+003, 1.48126e+004, 8.01256e+003, 1.39289e+004, 9.41873e+003, 1.58056e+004, 9.69388e+003, 2.44577e+004, 8.56009e+004
 0,  38,      -16.52,        0.00,   0,0, 37600790.800,102640.7908,   39.2, 3.04460e+003, 1.80245e+004, 5.96904e+003, 1.53563e+004, 8.51270e+003, 1.45770e+004, 1.02451e+004, 1.64667e+004, 1.05252e+004, 2.50973e+004, 8.95218e+004
 0,  39,      -16.96,        0.00,   0,0, 37600890.800,102640.8908,   49.4, 2.77184e+003, 1.71273e+004, 6.80311e+003, 1.58932e+004, 9.39156e+003, 1.50960e+004, 1.11081e+004, 1.71944e+004, 1.12973e+004, 2.58177e+004, 9.11286e+004
 0,  40,      -17.39,        0.00,   0,0, 37600990.800,102640.9908,   31.6, 5.49550e+003, 1.70928e+004, 8.06522e+003, 1.63499e+004, 1.08120e+004, 1.55403e+004, 1.23578e+004, 1.77596e+004, 1.25812e+004, 2.64262e+004, 9.31689e+004
 0,  41,      -17.83,        0.00,   0,0, 37601090.800,102641.0908,  142.4, 6.96063e+003, 1.90719e+004, 9.39081e+003, 1.66717e+004, 1.23230e+004, 1.58577e+004, 1.38071e+004, 1.78509e+004, 1.41446e+004, 2.65729e+004, 9.60251e+004
 0,  42,      -18.26,        0.00,   0,0, 37601190.800,102641.1908,  159.3, 6.28530e+003, 1.90901e+004, 1.02434e+004, 1.69484e+004, 1.31548e+004, 1.60501e+004, 1.47246e+004, 1.80130e+004, 1.50967e+004, 2.66858e+004, 9.67875e+004
 0,  43,      -18.70,        0.00,   0,0, 37601290.800,102641.2908,  160.9, 7.27681e+003, 1.75070e+004, 1.06098e+004, 1.71659e+004, 1.34928e+004, 1.62186e+004, 1.51846e+004, 1.82081e+004, 1.54864e+004, 2.68241e+004, 9.59237e+004
 0,  44,      -19.13,        0.00,   0,0, 37601390.800,102641.3908,  151.9, 9.15806e+003, 1.84993e+004, 1.07664e+004, 1.72739e+004, 1.37182e+004, 1.63614e+004, 1.55115e+004, 1.82845e+004, 1.56866e+004, 2.69602e+004, 9.73793e+004
 0,  45,      -19.57,        0.00,   0,0, 37601490.800,102641.4908,  153.5, 8.00679e+003, 2.00220e+004, 1.08400e+004, 1.74568e+004, 1.38006e+004, 1.66196e+004, 1.53971e+004, 1.85455e+004, 1.55600e+004, 2.72602e+004, 9.99041e+004
 0,  46,      -20.00,        0.00,   0,0, 37601590.800,102641.5908,  154.3, 6.35539e+003, 1.92677e+004, 1.07909e+004, 1.78628e+004, 1.37281e+004, 1.70228e+004, 1.52829e+004, 1.89410e+004, 1.55260e+004, 2.75516e+004, 1.00646e+005
 0,  47,      -20.43,        0.00,   0,0, 37601690.800,102641.6908,  147.9, 7.60218e+003, 1.86668e+004, 1.09060e+004, 1.79440e+004, 1.38752e+004, 1.72614e+004, 1.54187e+004, 1.91105e+004, 1.59293e+004, 2.76802e+004, 1.00663e+005
 0,  48,      -20.87,        0.00,   0,0, 37601790.800,102641.7908,  153.7, 8.55341e+003, 1.96133e+004, 1.08700e+004, 1.76909e+004, 1.37984e+004, 1.70993e+004, 1.54194e+004, 1.89316e+004, 1.59710e+004, 2.75466e+004, 1.00882e+005
 0,  49,      -21.30,        0.00,   0,0, 37601890.800,102641.8908,  159.0, 7.35029e+003, 1.98687e+004, 1.08037e+004, 1.74604e+004, 1.34010e+004, 1.67208e+004, 1.53493e+004, 1.85871e+004, 1.55931e+004, 2.71718e+004, 9.98088e+004
 0,  50,      -21.74,        0.00,   0,0, 37601990.800,102641.9908,  164.0, 6.94125e+003, 1.84498e+004, 1.05710e+004, 1.73365e+004, 1.33154e+004, 1.65564e+004, 1.51265e+004, 1.84192e+004, 1.54759e+004, 2.69794e+004, 9.77413e+004
 0,  51,      -22.17,        0.00,   0,0, 37602090.800,102642.0908,  176.4, 8.27738e+003, 1.84747e+004, 1.04303e+004, 1.74635e+004, 1.34328e+004, 1.65788e+004, 1.49835e+004, 1.84606e+004, 1.54375e+004, 2.70476e+004, 9.80252e+004
 0,  52,      -22.61,        0.00,   0,0, 37602190.800,102642.1908,  170.0, 8.04840e+003, 1.97723e+004, 1.07661e+004, 1.74037e+004, 1.35651e+004, 1.64244e+004, 1.52431e+004, 1.83083e+004, 1.54866e+004, 2.70053e+004, 9.89141e+004
 0,  53,      -23.04,        0.00,   0,0, 37602290.800,102642.2908,  173.4, 6.96648e+003, 1.86286e+004, 1.10519e+004, 1.70627e+004, 1.38265e+004, 1.61186e+004, 1.57281e+004, 1.79555e+004, 1.57770e+004, 2.65075e+004, 9.62729e+004
 0,  54,      -23.48,        0.00,   0,0, 37602390.800,102642.3908,  172.5, 8.67018e+003, 1.73727e+004, 1.13973e+004, 1.69829e+004, 1.41981e+004, 1.59742e+004, 1.61796e+004, 1.78022e+004, 1.63989e+004, 2.62538e+004, 9.43857e+004
 0,  55,      -23.91,        0.00,   0,0, 37602490.800,102642.4908,  175.0, 9.81947e+003, 1.87134e+004, 1.18619e+004, 1.70283e+004, 1.45662e+004, 1.60141e+004, 1.65687e+004, 1.77833e+004, 1.68457e+004, 2.62035e+004, 9.57426e+004
 0,  56,      -24.35,        0.00,   0,0, 37602590.800,102642.5908,  165.2, 8.92718e+003, 1.93129e+004, 1.20825e+004, 1.70261e+004, 1.47885e+004, 1.60432e+004, 1.66707e+004, 1.79381e+004, 1.69793e+004, 2.61902e+004, 9.65105e+004
 0,  57,      -24.78,        0.00,   0,0, 37602690.800,102642.6908,  169.4, 8.79567e+003, 1.83269e+004, 1.19503e+004, 1.70720e+004, 1.47669e+004, 1.61973e+004, 1.65830e+004, 1.80398e+004, 1.69738e+004, 2.63778e+004, 9.60137e+004
 0,  58,      -25.22,        0.00,   0,0, 37602790.800,102642.7908,  172.5, 9.64203e+003, 1.87425e+004, 1.19919e+004, 1.72178e+004, 1.48187e+004, 1.65703e+004, 1.66955e+004, 1.82480e+004, 1.71465e+004, 2.66666e+004, 9.74452e+004
 0,  59,      -25.65,        0.00,   0,0, 37602890.800,102642.8908,  167.0, 8.86971e+003, 1.94168e+004, 1.19298e+004, 1.71540e+004, 1.48040e+004, 1.65820e+004, 1.67337e+004, 1.83208e+004, 1.71391e+004, 2.66592e+004, 9.81328e+004
 0,  60,      -26.09,        0.00,   0,0, 37602990.800,102642.9908,  172.4, 8.22622e+003, 1.87455e+004, 1.14119e+004, 1.67775e+004, 1.43449e+004, 1.61916e+004, 1.62743e+004, 1.79476e+004, 1.66128e+004, 2.62532e+004, 9.59154e+004
 0,  61,      -26.52,        0.00,   0,0, 37603090.800,102643.0908,  178.9, 7.95015e+003, 1.86219e+004, 1.08876e+004, 1.66009e+004, 1.38127e+004, 1.58177e+004, 1.55448e+004, 1.74544e+004, 1.59891e+004, 2.58125e+004, 9.43073e+004
 0,  62,      -26.96,        0.00,   0,0, 37603190.800,102643.1908,  187.7, 7.07740e+003, 1.83334e+004, 1.04771e+004, 1.66188e+004, 1.35463e+004, 1.56500e+004, 1.50305e+004, 1.73156e+004, 1.54921e+004, 2.57842e+004, 9.37020e+004
 0,  63,      -27.39,        0.00,   0,0, 37603290.800,102643.2908,  195.1, 7.45872e+003, 1.81716e+004, 1.02584e+004, 1.67399e+004, 1.33276e+004, 1.57037e+004, 1.48557e+004, 1.75127e+004, 1.52464e+004, 2.58963e+004, 9.40242e+004
 0,  64,      -27.83,        0.00,   0,0, 37603390.800,102643.3908,  198.5, 7.11545e+003, 1.79766e+004, 1.01739e+004, 1.63984e+004, 1.30190e+004, 1.54484e+004, 1.46363e+004, 1.72050e+004, 1.50929e+004, 2.56560e+004, 9.26844e+004
 0,  65,      -28.26,        0.00,   0,0, 37603490.800,102643.4908,  196.6, 7.47849e+003, 1.71223e+004, 1.02966e+004, 1.60499e+004, 1.30230e+004, 1.50078e+004, 1.46922e+004, 1.67361e+004, 1.51764e+004, 2.52393e+004, 9.01554e+004
 0,  66,      -28.70,        0.00,   0,0, 37603590.800,102643.5908,  197.4, 8.08368e+003, 1.83989e+004, 1.07656e+004, 1.60718e+004, 1.35781e+004, 1.52676e+004, 1.53005e+004, 1.68568e+004, 1.56971e+004, 2.52222e+004, 9.18173e+004
 0,  67,      -29.13,        0.00,   0,0, 37603690.800,102643.6908,  201.2, 7.91978e+003, 1.82703e+004, 1.11132e+004, 1.62414e+004, 1.41224e+004, 1.55601e+004, 1.59436e+004, 1.70834e+004, 1.63067e+004, 2.54285e+004, 9.25838e+004
 0,  68,      -29.57,        0.00,   0,0, 37603790.800,102643.7908,  189.5, 8.95904e+003, 1.80880e+004, 1.16652e+004, 1.65531e+004, 1.46968e+004, 1.57307e+004, 1.64511e+004, 1.73279e+004, 1.68384e+004, 2.57623e+004, 9.34620e+004
 0,  69,      -30.00,        0.00,   0,0, 37603890.800,102643.8908,  185.9, 9.01198e+003, 1.93050e+004, 1.22777e+004, 1.71598e+004, 1.52417e+004, 1.61363e+004, 1.69943e+004, 1.78426e+004, 1.73620e+004, 2.64213e+004, 9.68650e+004
 0,  70,      -30.43,        0.00,   0,0, 37603990.800,102643.9908,  181.1, 9.21355e+003, 1.94459e+004, 1.29420e+004, 1.80288e+004, 1.59797e+004, 1.70383e+004, 1.78903e+004, 1.88214e+004, 1.83168e+004, 2.73281e+004, 1.00663e+005
 0,  71,      -30.87,        0.00,   0,0, 37604090.800,102644.0908,   78.5, 1.04463e+004, 1.96966e+004, 1.36819e+004, 1.83791e+004, 1.67284e+004, 1.76024e+004, 1.86107e+004, 1.93882e+004, 1.90364e+004, 2.77337e+004, 1.02800e+005
 0,  72,      -31.30,        0.00,   0,0, 37604190.800,102644.1908,   66.0, 1.05661e+004, 2.01216e+004, 1.38845e+004, 1.81246e+004, 1.67385e+004, 1.74524e+004, 1.86961e+004, 1.93147e+004, 1.90569e+004, 2.75495e+004, 1.02563e+005
 0,  73,      -31.74,        0.00,   0,0, 37604290.800,102644.2908,   69.1, 1.05841e+004, 1.96865e+004, 1.39499e+004, 1.79332e+004, 1.65625e+004, 1.72279e+004, 1.86476e+004, 1.90987e+004, 1.90385e+004, 2.73820e+004, 1.01328e+005
 0,  74,      -32.17,        0.00,   0,0, 37604390.800,102644.3908,   82.2, 1.09947e+004, 2.00702e+004, 1.38429e+004, 1.82830e+004, 1.65926e+004, 1.73139e+004, 1.85736e+004, 1.92199e+004, 1.91565e+004, 2.75288e+004, 1.02416e+005
 0,  75,      -32.61,        0.00,   0,0, 37604490.800,102644.4908,   52.0, 1.04819e+004, 2.04361e+004, 1.36051e+004, 1.86451e+004, 1.64769e+004, 1.74629e+004, 1.82974e+004, 1.94875e+004, 1.90247e+004, 2.78098e+004, 1.03841e+005
 0,  76,      -33.04,        0.00,   0,0, 37604590.800,102644.5908,   57.3, 1.02075e+004, 2.00736e+004, 1.32791e+004, 1.84401e+004, 1.60906e+004, 1.72568e+004, 1.79678e+004, 1.93183e+004, 1.86005e+004, 2.77778e+004, 1.02867e+005
 0,  77,      -33.48,        0.00,   0,0, 37604690.800,102644.6908,   70.3, 9.74790e+003, 2.02006e+004, 1.29198e+004, 1.81518e+004, 1.59214e+004, 1.71265e+004, 1.77805e+004, 1.90144e+004, 1.82801e+004, 2.75829e+004, 1.02076e+005
 0,  78,      -33.91,        0.00,   0,0, 37604790.800,102644.7908,   67.1, 9.52419e+003, 1.95746e+004, 1.29887e+004, 1.81563e+004, 1.59989e+004, 1.72457e+004, 1.79319e+004, 1.89395e+004, 1.84606e+004, 2.74964e+004, 1.01413e+005
 0,  79,      -34.35,        0.00,   0,0, 37604890.800,102644.8908,   64.3, 1.01777e+004, 1.95069e+004, 1.32048e+004, 1.82540e+004, 1.60924e+004, 1.72320e+004, 1.81292e+004, 1.89534e+004, 1.86902e+004, 2.73835e+004, 1.01330e+005
 0,  80,      -34.78,        0.00,   0,0, 37604990.800,102644.9908,   56.9, 9.91225e+003, 1.99340e+004, 1.32684e+004, 1.83670e+004, 1.61313e+004, 1.71908e+004, 1.80005e+004, 1.90069e+004, 1.87417e+004, 2.73920e+004, 1.01891e+005
 0,  81,      -35.22,        0.00,   0,0, 37605090.800,102645.0908,   60.4, 1.01584e+004, 1.97080e+004, 1.33164e+004, 1.84509e+004, 1.61943e+004, 1.74198e+004, 1.81249e+004, 1.91202e+004, 1.87196e+004, 2.75368e+004, 1.02236e+005
 0,  82,      -35.65,        0.00,   0,0, 37605190.800,102645.1908,   91.4, 1.08252e+004, 2.04183e+004, 1.36330e+004, 1.86763e+004, 1.66173e+004, 1.77558e+004, 1.85975e+004, 1.93377e+004, 1.91256e+004, 2.77913e+004, 1.03979e+005
 0,  83,      -36.09,        0.00,   0,0, 37605290.800,102645.2908,  110.0, 1.08397e+004, 2.05470e+004, 1.45089e+004, 1.88426e+004, 1.75397e+004, 1.78774e+004, 1.96826e+004, 1.95205e+004, 2.00728e+004, 2.79445e+004, 1.04732e+005
 0,  84,      -36.52,        0.00,   0,0, 37605390.800,102645.3908,  117.6, 1.24120e+004, 2.01154e+004, 1.56341e+004, 1.87835e+004, 1.86055e+004, 1.78528e+004, 2.07551e+004, 1.94094e+004, 2.14310e+004, 2.76865e+004, 1.03848e+005
 0,  85,      -36.96,        0.00,   0,0, 37605490.800,102645.4908,  114.9, 1.35974e+004, 2.09208e+004, 1.63634e+004, 1.89142e+004, 1.91230e+004, 1.77263e+004, 2.13728e+004, 1.93258e+004, 2.23191e+004, 2.73912e+004, 1.04278e+005
 0,  86,      -37.39,        0.00,   0,0, 37605590.800,102645.5908,  131.0, 1.31275e+004, 2.05215e+004, 1.67299e+004, 1.91868e+004, 1.95908e+004, 1.77405e+004, 2.18952e+004, 1.94229e+004, 2.25519e+004, 2.74726e+004, 1.04344e+005
 0,  87,      -37.83,        0.00,   0,0, 37605690.800,102645.6908,  137.5, 1.46138e+004, 2.02766e+004, 1.74118e+004, 1.91187e+004, 2.05187e+004, 1.79340e+004, 2.23717e+004, 1.94261e+004, 2.30118e+004, 2.76271e+004, 1.04382e+005
 0,  88,      -38.26,        0.00,   0,0, 37605790.800,102645.7908,  103.1, 1.45943e+004, 2.10923e+004, 1.74900e+004, 1.92941e+004, 2.07679e+004, 1.82907e+004, 2.28191e+004, 1.97427e+004, 2.35327e+004, 2.80974e+004, 1.06517e+005
 0,  89,      -38.70,        0.00,   0,0, 37605890.800,102645.8908,  118.0, 1.40950e+004, 2.16284e+004, 1.71653e+004, 1.95462e+004, 2.04613e+004, 1.88614e+004, 2.25402e+004, 2.03912e+004, 2.34723e+004, 2.86799e+004, 1.09107e+005
 0,  90,      -39.13,        0.00,   0,0, 37605990.800,102645.9908,  134.0, 1.36557e+004, 2.17625e+004, 1.70921e+004, 1.96098e+004, 2.05269e+004, 1.89009e+004, 2.23212e+004, 2.04495e+004, 2.33485e+004, 2.86822e+004, 1.09405e+005
 0,  91,      -39.57,        0.00,   0,0, 37606090.800,102646.0908,  139.4, 1.39431e+004, 2.06966e+004, 1.74853e+004, 1.92903e+004, 2.08745e+004, 1.86019e+004, 2.26760e+004, 1.99561e+004, 2.35443e+004, 2.80193e+004, 1.06564e+005
 0,  92,      -40.00,        0.00,   0,0, 37606190.800,102646.1908,  134.8, 1.45541e+004, 2.10806e+004, 1.77305e+004, 1.89376e+004, 2.11632e+004, 1.80005e+004, 2.32888e+004, 1.94477e+004, 2.37434e+004, 2.72134e+004, 1.04680e+005
 1,   0,      -40.00,        5.00,   0,0, 37752491.600,102912.4916,   60.2, 2.17550e+004, 1.82831e+004, 2.46516e+004, 1.63055e+004, 2.81058e+004, 1.54181e+004, 3.02050e+004, 1.65414e+004, 2.99635e+004, 2.42604e+004, 9.08085e+004
 1,   1,      -36.92,        5.00,   0,0, 37752591.600,102912.5916,   57.6, 2.13511e+004, 1.84554e+004, 2.45601e+004, 1.64884e+004, 2.79279e+004, 1.54000e+004, 3.03141e+004, 1.66447e+004, 3.04005e+004, 2.43583e+004, 9.13469e+004
 1,   2,      -33.85,        5.00,   0,0, 37752691.600,102912.6916,   56.2, 2.15074e+004, 1.87028e+004, 2.47505e+004, 1.67316e+004, 2.77314e+004, 1.54897e+004, 2.99458e+004, 1.69150e+004, 3.05571e+004, 2.43998e+004, 9.22390e+004
 1,   3,      -30.77,        5.00,   0,0, 37752791.600,102912.7916,   57.1, 2.12925e+004, 1.93131e+004, 2.48774e+004, 1.69239e+004, 2.77287e+004, 1.55783e+004, 2.96222e+004, 1.70753e+004, 3.00259e+004, 2.42873e+004, 9.31780e+004
 1,   4,      -27.69,        5.00,   0,0, 37752891.600,102912.8916,   54.7, 2.11956e+004, 1.89393e+004, 2.46661e+004, 1.70281e+004, 2.77182e+004, 1.55376e+004, 2.96819e+004, 1.73126e+004, 2.97632e+004, 2.40972e+004, 9.29147e+004
 1,   5,      -24.62,        5.00,   0,0, 37752991.600,102912.9916,   56.6, 2.14441e+004, 1.84303e+004, 2.45269e+004, 1.67598e+004, 2.76369e+004, 1.55739e+004, 2.96681e+004, 1.69447e+004, 2.96396e+004, 2.41088e+004, 9.18175e+004
 1,   6,      -21.54,        5.00,   0,0, 37753091.600,102913.0916,   53.9, 2.15813e+004, 1.89716e+004, 2.43214e+004, 1.67726e+004, 2.76052e+004, 1.55956e+004, 2.94692e+004, 1.62575e+004, 2.92532e+004, 2.41010e+004, 9.16983e+004
 1,   7,      -18.46,        5.00,   0,0, 37753191.600,102913.1916,   56.1, 2.16135e+004, 1.94904e+004, 2.42222e+004, 1.69922e+004, 2.77806e+004, 1.54295e+004, 2.96752e+004, 1.64052e+004, 2.94970e+004, 2.43224e+004, 9.26398e+004
 1,   8,      -15.38,        5.00,   0,0, 37753291.600,102913.2916,   54.5, 2.14908e+004, 1.99836e+004, 2.43583e+004, 1.66617e+004, 2.78929e+004, 1.53011e+004, 2.98399e+004, 1.67870e+004, 2.99168e+004, 2.45914e+004, 9.33247e+004
 1,   9,      -12.31,        5.00,   0,0, 37753391.600,102913.3916,   55.1, 2.16654e+004, 1.95970e+004, 2.48087e+004, 1.65545e+004, 2.79678e+004, 1.52625e+004, 2.99852e+004, 1.69325e+004, 3.02703e+004, 2.44841e+004, 9.28306e+004
 1,  10,       -9.23,        5.00,   0,0, 37753491.600,102913.4916,   56.6, 2.24242e+004, 1.90201e+004, 2.51602e+004, 1.68272e+004, 2.81677e+004, 1.52698e+004, 2.99128e+004, 1.68468e+004, 3.05279e+004, 2.42315e+004, 9.21955e+004
 1,  11,       -6.15,        5.00,   0,0, 37753591.600,102913.5916,   56.7, 2.28574e+004, 1.82509e+004, 2.54075e+004, 1.67947e+004, 2.82771e+004, 1.53520e+004, 3.00078e+004, 1.66437e+004, 3.04661e+004, 2.43942e+004, 9.14355e+004
 1,  12,       -3.08,        5.00,   0,0, 37753691.600,102913.6916,   56.2, 2.32415e+004, 1.78998e+004, 2.53707e+004, 1.65101e+004, 2.83095e+004, 1.55187e+004, 3.05206e+004, 1.64021e+004, 3.02973e+004, 2.44027e+004, 9.07334e+004
 1,  13,        0.00,        5.00,   0,0, 37753791.600,102913.7916,   58.7, 2.33340e+004, 1.84199e+004, 2.53040e+004, 1.66026e+004, 2.82941e+004, 1.56458e+004, 3.05342e+004, 1.59476e+004, 3.01851e+004, 2.43552e+004, 9.09709e+004
