Line,Sample,X,Y,Mark,Status,Time[ms],Time[hhmmss.sss],PowerLn,I_63030Hz,Q_63030Hz,I_69510Hz,Q_69510Hz,I_76590Hz,Q_76590Hz,I_84450Hz,Q_84450Hz,I_93090Hz,Q_93090Hz,EC63030Hz[mS/m],EC69510Hz[mS/m],EC76590Hz[mS/m],EC84450Hz[mS/m],EC93090Hz[mS/m],TotalEC[mS/m],MSusc63030Hz[1/1000],MSusc69510Hz[1/1000],MSusc76590Hz[1/1000],MSusc84450Hz[1/1000],MSusc93090Hz[1/1000]
0,0,0.00,0.00,0,0,37961636.600,103241.6366,106.0,1.39029e+003,6.89389e+003,2.64576e+003,8.93442e+003,4.61637e+003,7.99054e+003,6.10630e+003,9.20804e+003,5.58229e+003,1.68758e+004, 4.16838e+001, 5.25627e+001, 4.66540e+001, 5.19892e+001, 8.59877e+001, 4.16838e+001,-1.36553e+001,-2.58271e+001,-4.46343e+001,-5.86177e+001,-5.37226e+001
0,1,-0.59,0.00,0,0,37961736.600,103241.7366,105.7,4.05045e+003,8.96547e+003,2.83137e+003,9.13110e+003,4.68506e+003,7.92004e+003,6.34356e+003,9.51196e+003,5.75460e+003,1.69097e+004, 6.19489e+001, 5.42017e+001, 4.63994e+001, 5.41983e+001, 8.65264e+001, 6.19489e+001,-3.92700e+001,-2.76139e+001,-4.52834e+001,-6.08260e+001,-5.53350e+001
0,2,-1.18,0.00,0,0,37961836.600,103241.8366,105.1,4.92391e+003,1.22005e+004,2.98012e+003,9.44362e+003,5.06751e+003,7.74424e+003,6.48467e+003,9.57735e+003,6.05644e+003,1.69591e+004, 8.75255e+001, 5.64786e+001, 4.62248e+001, 5.48900e+001, 8.74120e+001, 8.75255e+001,-4.75371e+001,-2.90436e+001,-4.88896e+001,-6.21371e+001,-5.81530e+001
0,3,-1.76,0.00,0,0,37961936.600,103241.9366,103.3,4.21112e+003,1.51888e+004,3.17353e+003,9.31477e+003,5.69848e+003,7.46101e+003,6.77454e+003,9.31213e+003,6.64985e+003,1.68653e+004, 1.07687e+002, 5.61630e+001, 4.59651e+001, 5.41133e+001, 8.80846e+001, 1.07687e+002,-4.07960e+001,-3.08994e+001,-5.48101e+001,-6.48246e+001,-6.36695e+001
0,4,-2.35,0.00,0,0,37962036.600,103242.0366,105.6,2.97300e+003,1.68426e+004,3.63733e+003,9.46820e+003,6.21004e+003,7.53776e+003,7.42572e+003,8.93271e+003,7.57399e+003,1.69080e+004, 1.19638e+002, 5.82787e+001, 4.75751e+001, 5.35423e+001, 9.02419e+001, 1.19638e+002,-2.89752e+001,-3.53355e+001,-5.95839e+001,-7.08350e+001,-7.21983e+001
0,5,-2.94,0.00,0,0,37962136.600,103242.1366,108.2,1.30285e+003,1.72955e+004,4.19456e+003,9.38842e+003,6.97444e+003,7.89156e+003,8.27225e+003,8.82433e+003,8.33681e+003,1.70331e+004, 1.24579e+002, 5.92094e+001, 5.15088e+001, 5.49806e+001, 9.29030e+001, 1.24579e+002,-1.28019e+001,-4.06388e+001,-6.66737e+001,-7.85928e+001,-7.91819e+001
0,6,-3.53,0.00,0,0,37962236.600,103242.2366,109.9,-1.13048e+003,1.64121e+004,4.69152e+003,9.38307e+003,7.36157e+003,8.10327e+003,8.54246e+003,8.89801e+003,8.33675e+003,1.71369e+004, 1.07339e+002, 5.98061e+001, 5.31520e+001, 5.54507e+001, 9.24027e+001, 1.07339e+002, 1.12426e+001,-4.53444e+001,-7.02445e+001,-8.10560e+001,-7.91814e+001
0,7,-4.12,0.00,0,0,37962336.600,103242.3366,110.8,-2.97149e+003,1.44490e+004,5.12187e+003,9.62419e+003,7.45347e+003,8.14850e+003,8.66539e+003,9.23008e+003,8.13793e+003,1.70885e+004, 8.75592e+001, 6.13564e+001, 5.26876e+001, 5.66107e+001, 8.99566e+001, 8.75592e+001, 2.98245e+001,-4.94011e+001,-7.10903e+001,-8.21745e+001,-7.73660e+001
0,8,-4.71,0.00,0,0,37962436.600,103242.4366,110.3,-3.87329e+003,1.20667e+004,5.17713e+003,9.65056e+003,7.15309e+003,8.15480e+003,8.48603e+003,9.43699e+003,7.98265e+003,1.70202e+004, 7.03668e+001, 6.11211e+001, 5.15337e+001, 5.68133e+001, 8.84151e+001, 7.03668e+001, 3.90524e+001,-4.99207e+001,-6.83232e+001,-8.05421e+001,-7.59459e+001
0,9,-5.29,0.00,0,0,37962536.600,103242.5366,111.3,-4.88880e+003,9.10512e+003,3.25043e+003,9.31728e+003,5.60528e+003,8.30046e+003,6.75484e+003,9.30159e+003,6.39129e+003,1.68908e+004, 5.04606e+001, 5.37079e+001, 4.83071e+001, 5.14590e+001, 8.35524e+001, 5.04606e+001, 4.95450e+001,-3.16363e+001,-5.39379e+001,-6.46422e+001,-6.12697e+001
0,10,-5.88,0.00,0,0,37962636.600,103242.6366,112.5,-5.76167e+003,6.33903e+003,-1.92537e+001,9.41184e+003,2.71977e+003,8.14251e+003,3.92518e+003,8.93258e+003,3.65069e+003,1.68772e+004, 3.35828e+001, 4.69089e+001, 4.10834e+001, 4.32701e+001, 7.78565e+001, 3.35828e+001, 5.86504e+001, 1.90426e-001,-2.65400e+001,-3.80786e+001,-3.54630e+001
0,11,-6.47,0.00,0,0,37962736.600,103242.7366,112.9,-5.27877e+003,4.83137e+003,-2.01274e+003,9.59833e+003,3.73473e+002,7.74733e+003,1.64502e+003,8.91259e+003,1.58124e+003,1.68965e+004, 2.50859e+001, 4.81689e+001, 3.50484e+001, 3.91577e+001, 7.50383e+001, 2.50859e+001, 5.36030e+001, 2.01049e+001,-3.68661e+000,-1.61370e+001,-1.55162e+001
0,12,-7.06,0.00,0,0,37962836.600,103242.8366,110.5,-3.80534e+003,4.56291e+003,-3.01237e+003,9.05859e+003,-4.41546e+002,7.45923e+003,7.53676e+002,8.96995e+003,6.37173e+002,1.68447e+004, 2.39440e+001, 4.58979e+001, 3.34083e+001, 3.84383e+001, 7.43015e+001, 2.39440e+001, 3.83542e+001, 3.02410e+001, 4.37618e+000,-7.42573e+000,-6.28146e+000
0,13,-7.65,0.00,0,0,37962936.600,103242.9366,110.6,-3.13270e+003,4.53030e+003,-2.79205e+003,8.91898e+003,-2.94469e+002,7.22607e+003,5.39236e+002,8.85423e+003,5.28477e+002,1.67452e+004, 2.39242e+001, 4.54006e+001, 3.25614e+001, 3.77815e+001, 7.39987e+001, 2.39242e+001, 3.14680e+001, 2.79982e+001, 2.91637e+000,-5.31854e+000,-5.21270e+000
0,14,-8.24,0.00,0,0,37963036.600,103243.0366,113.9,-3.20497e+003,3.98842e+003,-2.94940e+003,9.08773e+003,-1.14984e+002,7.48360e+003,7.63482e+002,8.92269e+003,6.45631e+002,1.67900e+004, 2.08625e+001, 4.63332e+001, 3.39013e+001, 3.84660e+001, 7.43378e+001, 2.08625e+001, 3.22056e+001, 2.95995e+001, 1.13777e+000,-7.52198e+000,-6.36458e+000
0,15,-8.82,0.00,0,0,37963136.600,103243.1366,112.9,-3.16578e+003,3.53769e+003,-3.38029e+003,8.96390e+003,-5.44705e+001,7.83897e+003,9.67606e+002,9.02487e+003,7.25163e+002,1.69459e+004, 1.83641e+001, 4.56705e+001, 3.57989e+001, 3.93082e+001, 7.56410e+001, 1.83641e+001, 3.18055e+001, 3.39973e+001, 5.38825e-001,-9.52347e+000,-7.14580e+000
0,16,-9.41,0.00,0,0,37963236.600,103243.2366,110.2,-3.26960e+003,3.73636e+003,-2.78830e+003,8.84154e+003,2.96956e+001,7.48914e+003,8.61762e+002,9.14936e+003,6.13583e+002,1.69577e+004, 1.94452e+001, 4.49020e+001, 3.39074e+001, 3.96606e+001, 7.55401e+001, 1.94452e+001, 3.28657e+001, 2.79601e+001,-2.93628e-001,-8.48615e+000,-6.04961e+000
0,17,-10.00,0.00,0,0,37963336.600,103243.3366,109.3,-3.35689e+003,4.00237e+003,-2.43570e+003,8.73162e+003,-2.52469e+002,7.20397e+003,8.24309e+002,9.08720e+003,5.39658e+002,1.68032e+004, 2.09084e+001, 4.42280e+001, 3.24019e+001, 3.92732e+001, 7.42735e+001, 2.09084e+001, 3.37580e+001, 2.43812e+001, 2.49989e+000,-8.11883e+000,-5.32269e+000
0,18,-10.59,0.00,0,0,37963436.600,103243.4366,108.7,-3.75112e+003,3.87269e+003,-2.31968e+003,9.29379e+003,-5.71944e+002,7.49269e+003,9.14490e+002,8.97142e+003,5.42786e+002,1.66782e+004, 2.01056e+001, 4.72057e+001, 3.35407e+001, 3.87431e+001, 7.30500e+001, 2.01056e+001, 3.77974e+001, 2.32064e+001, 5.67222e+000,-9.00304e+000,-5.35346e+000
0,19,-11.18,0.00,0,0,37963536.600,103243.5366,115.4,-4.21769e+003,3.90473e+003,-2.72088e+003,9.47773e+003,-4.02697e+002,7.66753e+003,6.48230e+002,8.79464e+003,4.07113e+002,1.67078e+004, 2.01883e+001, 4.80584e+001, 3.42940e+001, 3.73026e+001, 7.29614e+001, 2.01883e+001, 4.25988e+001, 2.72748e+001, 3.99038e+000,-6.39012e+000,-4.01801e+000
0,20,-11.76,0.00,0,0,37963636.600,103243.6366,114.3,-4.56190e+003,3.92137e+003,-2.80107e+003,8.96495e+003,-4.13039e+002,7.77007e+003,5.45433e+002,8.86938e+003,4.09866e+002,1.68126e+004, 2.02103e+001, 4.50201e+001, 3.46670e+001, 3.73309e+001, 7.34923e+001, 2.02103e+001, 4.61556e+001, 2.80899e+001, 4.09307e+000,-5.37949e+000,-4.04513e+000
0,21,-12.35,0.00,0,0,37963736.600,103243.7366,112.3,-4.43600e+003,3.88717e+003,-2.37587e+003,8.95039e+003,-4.96204e+002,7.48924e+003,8.08163e+002,8.87286e+003,5.25825e+002,1.67961e+004, 2.00474e+001, 4.49708e+001, 3.33234e+001, 3.78491e+001, 7.34297e+001, 2.00474e+001, 4.48532e+001, 2.37752e+001, 4.91923e+000,-7.96043e+000,-5.18661e+000
0,22,-12.94,0.00,0,0,37963836.600,103243.8366,113.4,-4.41623e+003,3.80221e+003,-2.07572e+003,9.05457e+003,-5.39222e+002,7.22647e+003,7.62479e+002,8.61203e+003,5.28878e+002,1.67881e+004, 1.95840e+001, 4.55410e+001, 3.20590e+001, 3.65744e+001, 7.33847e+001, 1.95840e+001, 4.46488e+001, 2.07405e+001, 5.34684e+000,-7.51213e+000,-5.21664e+000
0,23,-13.53,0.00,0,0,37963936.600,103243.9366,116.3,-4.70966e+003,3.69690e+003,-2.81006e+003,9.03089e+003,-8.95277e+002,7.10736e+003,4.05568e+002,8.52658e+003,1.69058e+002,1.67923e+004, 1.89501e+001, 4.53227e+001, 3.13392e+001, 3.54932e+001, 7.27549e+001, 1.89501e+001, 4.76862e+001, 2.81814e+001, 8.89312e+000,-4.00280e+000,-1.67049e+000
0,24,-14.12,0.00,0,0,37964036.600,103244.0366,120.0,-5.13632e+003,3.35814e+003,-3.92019e+003,8.65959e+003,-1.89528e+003,7.06597e+003,-1.82726e+002,8.72337e+003,-7.12904e+002,1.66812e+004, 1.70334e+001, 4.31924e+001, 3.12574e+001, 3.56239e+001, 6.99571e+001, 1.70334e+001, 5.21188e+001, 3.95347e+001, 1.89205e+001, 1.80868e+000, 7.07513e+000
0,25,-14.71,0.00,0,0,37964136.600,103244.1366,117.3,-5.82754e+003,3.03962e+003,-5.04484e+003,8.31286e+003,-2.54791e+003,7.24437e+003,-1.16904e+003,9.01569e+003,-1.57154e+003,1.65062e+004, 1.52118e+001, 4.10502e+001, 3.19221e+001, 3.67366e+001, 7.02705e+001, 1.52118e+001, 5.93408e+001, 5.11668e+001, 2.55188e+001, 1.16283e+001, 1.56633e+001
0,26,-15.29,0.00,0,0,37964236.600,103244.2366,117.6,-6.31245e+003,3.19771e+003,-4.95695e+003,8.90983e+003,-2.27410e+003,7.40300e+003,-1.25748e+003,9.16302e+003,-1.78031e+003,1.69084e+004, 1.59813e+001, 4.40299e+001, 3.25234e+001, 3.72249e+001, 7.29657e+001, 1.59813e+001, 6.44376e+001, 5.02530e+001, 2.27452e+001, 1.25135e+001, 1.77626e+001
0,27,-15.88,0.00,0,0,37964336.600,103244.3366,115.0,-5.30149e+003,3.33527e+003,-3.42723e+003,9.47750e+003,-1.15122e+003,7.75163e+003,-3.50059e+001,9.65669e+003,-5.06843e+002,1.78669e+004, 1.68821e+001, 4.75980e+001, 3.44987e+001, 3.99505e+001, 8.32754e+001, 1.68821e+001, 5.38399e+001, 3.44775e+001, 1.14500e+001, 3.46247e-001, 5.02496e+000
0,28,-16.47,0.00,0,0,37964436.600,103244.4366,117.4,-3.36981e+003,3.58544e+003,-1.73491e+003,9.99050e+003,1.44711e+002,8.32913e+003,1.58890e+003,1.04962e+004,1.35308e+003,1.88189e+004, 1.85901e+001, 5.12926e+001, 3.82182e+001, 4.73048e+001, 9.31439e+001, 1.85901e+001, 3.38901e+001, 1.73057e+001,-1.43008e+000,-1.55908e+001,-1.32922e+001
0,29,-17.06,0.00,0,0,37964536.600,103244.5366,116.7,-1.94027e+003,3.93002e+003,-4.58529e+002,1.07811e+004,1.56490e+003,9.17606e+003,3.17396e+003,1.13329e+004,2.87279e+003,1.96000e+004, 2.08009e+001, 5.59024e+001, 4.58532e+001, 5.54704e+001, 1.00675e+002, 2.08009e+001, 1.93740e+001, 4.54488e+000,-1.53571e+001,-3.09035e+001,-2.80122e+001
0,30,-17.65,0.00,0,0,37964636.600,103244.6366,114.7,-4.47740e+002,4.31338e+003,7.51627e+002,1.12906e+004,2.84798e+003,1.00312e+004,4.44518e+003,1.21187e+004,4.00388e+003,2.00845e+004, 2.33311e+001, 6.17932e+001, 5.39955e+001, 6.34046e+001, 1.05831e+002, 2.33311e+001, 4.43770e+000,-7.40561e+000,-2.77737e+001,-4.30147e+001,-3.88273e+001
0,31,-18.24,0.00,0,0,37964736.600,103244.7366,113.8,1.40254e+003,4.90212e+003,1.84123e+003,1.17040e+004,4.01417e+003,1.04766e+004,5.35356e+003,1.26487e+004,5.15590e+003,2.07006e+004, 2.92356e+001, 6.73619e+001, 5.95537e+001, 6.83418e+001, 1.10854e+002, 2.92356e+001,-1.37747e+001,-1.80444e+001,-3.89251e+001,-5.15781e+001,-4.97211e+001
0,32,-18.82,0.00,0,0,37964836.600,103244.8366,112.6,2.59088e+003,5.29045e+003,2.48813e+003,1.22449e+004,5.44888e+003,1.08609e+004,6.46503e+003,1.29948e+004,6.28428e+003,2.14531e+004, 3.38696e+001, 7.10046e+001, 6.55001e+001, 7.35300e+001, 1.16253e+002, 3.38696e+001,-2.52981e+001,-2.43070e+001,-5.24724e+001,-6.19547e+001,-6.02748e+001
0,33,-19.41,0.00,0,0,37964936.600,103244.9366,113.8,3.60077e+003,5.66128e+003,4.07842e+003,1.24117e+004,6.98230e+003,1.13154e+004,8.07066e+003,1.34539e+004,8.10133e+003,2.20286e+004, 3.83461e+001, 7.71481e+001, 7.25338e+001, 8.10359e+001, 1.21253e+002, 3.83461e+001,-3.49865e+001,-3.95358e+001,-6.67463e+001,-7.67510e+001,-7.70315e+001
0,34,-20.00,0.00,0,0,37965036.600,103245.0366,103.3,5.66967e+003,6.42022e+003,6.38184e+003,1.26387e+004,8.80060e+003,1.18185e+004,1.00979e+004,1.38306e+004,1.03457e+004,2.22132e+004, 4.83590e+001, 8.65910e+001, 8.12450e+001, 8.95894e+001, 1.29778e+002, 4.83590e+001,-5.45406e+001,-6.11819e+001,-8.34032e+001,-9.51130e+001,-9.73335e+001
0,35,-20.59,0.00,0,0,37965136.600,103245.1366,91.7,7.97727e+003,7.41432e+003,8.28947e+003,1.29340e+004,1.04852e+004,1.22766e+004,1.20331e+004,1.39450e+004,1.21239e+004,2.21861e+004, 6.19931e+001, 9.56285e+001, 8.98473e+001, 9.68416e+001, 1.35238e+002, 6.19931e+001,-7.58966e+001,-7.87500e+001,-9.85812e+001,-1.12317e+002,-1.13117e+002
0,36,-21.18,0.00,0,0,37965236.600,103245.2366,85.8,9.03713e+003,7.99272e+003,9.14044e+003,1.31000e+004,1.17140e+004,1.25197e+004,1.32468e+004,1.39980e+004,1.31903e+004,2.22499e+004, 6.97784e+001, 9.98804e+001, 9.58318e+001, 1.01535e+002, 1.39480e+002, 6.97784e+001,-8.55489e+001,-8.64846e+001,-1.09502e+002,-1.22949e+002,-1.22457e+002
0,37,-21.76,0.00,0,0,37965336.600,103245.3366,69.1,9.28565e+003,8.79248e+003,9.70629e+003,1.33809e+004,1.24376e+004,1.25633e+004,1.37775e+004,1.42096e+004,1.38023e+004,2.25274e+004, 7.68427e+001, 1.04049e+002, 9.88045e+001, 1.04862e+002, 1.43444e+002, 7.68427e+001,-8.77982e+001,-9.15933e+001,-1.15874e+002,-1.27561e+002,-1.27776e+002
0,38,-22.35,0.00,0,0,37965436.600,103245.4366,65.0,9.56409e+003,9.70285e+003,1.00500e+004,1.38332e+004,1.25767e+004,1.24121e+004,1.38669e+004,1.43816e+004,1.40136e+004,2.27029e+004, 8.49867e+001, 1.08674e+002, 9.82785e+001, 1.06306e+002, 1.45291e+002, 8.49867e+001,-9.03121e+001,-9.46832e+001,-1.17094e+002,-1.28336e+002,-1.29605e+002
0,39,-22.94,0.00,0,0,37965536.600,103245.5366,63.3,9.01046e+003,1.03230e+004,9.96994e+003,1.34356e+004,1.25615e+004,1.20903e+004,1.38676e+004,1.38008e+004,1.39753e+004,2.21945e+004, 8.78347e+001, 1.05468e+002, 9.59945e+001, 1.02569e+002, 1.42228e+002, 8.78347e+001,-8.53072e+001,-9.39644e+001,-1.16961e+002,-1.28342e+002,-1.29274e+002
0,40,-23.53,0.00,0,0,37965636.600,103245.6366,59.6,7.92904e+003,1.05661e+004,9.77028e+003,1.26106e+004,1.25295e+004,1.14970e+004,1.38515e+004,1.29843e+004,1.38978e+004,2.11672e+004, 8.58126e+001, 9.87255e+001, 9.17644e+001, 9.72493e+001, 1.36019e+002, 8.58126e+001,-7.54551e+001,-9.21694e+001,-1.16680e+002,-1.28202e+002,-1.28603e+002
0,41,-24.12,0.00,0,0,37965736.600,103245.7366,53.5,6.40179e+003,1.12145e+004,9.68621e+003,1.24206e+004,1.23257e+004,1.15303e+004,1.37109e+004,1.29899e+004,1.37737e+004,2.09945e+004, 8.53642e+001, 9.70391e+001, 9.12601e+001, 9.67770e+001, 1.34529e+002, 8.53642e+001,-6.13673e+001,-9.14125e+001,-1.14891e+002,-1.26984e+002,-1.27528e+002
0,42,-24.71,0.00,0,0,37965836.600,103245.8366,59.9,4.86791e+003,1.25522e+004,9.48302e+003,1.31565e+004,1.21323e+004,1.22563e+004,1.37203e+004,1.37851e+004,1.37367e+004,2.18048e+004, 8.90135e+001, 1.01576e+002, 9.55565e+001, 1.01920e+002, 1.39039e+002, 8.90135e+001,-4.70092e+001,-8.95808e+001,-1.13191e+002,-1.27065e+002,-1.27207e+002
0,43,-25.29,0.00,0,0,37965936.600,103245.9366,65.7,4.19444e+003,1.47260e+004,9.55414e+003,1.40536e+004,1.24308e+004,1.29057e+004,1.38860e+004,1.45373e+004,1.40322e+004,2.25690e+004, 1.03645e+002, 1.08311e+002, 1.01147e+002, 1.07381e+002, 1.44600e+002, 1.03645e+002,-4.06376e+001,-9.02224e+001,-1.15814e+002,-1.28501e+002,-1.29766e+002
0,44,-25.88,0.00,0,0,37966036.600,103246.0366,60.7,4.51129e+003,1.69285e+004,1.00548e+004,1.45162e+004,1.28962e+004,1.35389e+004,1.43021e+004,1.52376e+004,1.46690e+004,2.32738e+004, 1.24530e+002, 1.13665e+002, 1.07343e+002, 1.13521e+002, 1.51265e+002, 1.24530e+002,-4.36404e+001,-9.47263e+001,-1.19890e+002,-1.32097e+002,-1.35257e+002
0,45,-26.47,0.00,0,0,37966136.600,103246.1366,62.7,6.00689e+003,1.86741e+004,1.05127e+004,1.51987e+004,1.34043e+004,1.42628e+004,1.50004e+004,1.59285e+004,1.55488e+004,2.40718e+004, 1.43707e+002, 1.20556e+002, 1.14459e+002, 1.20819e+002, 1.60309e+002, 1.43706e+002,-5.76910e+001,-9.88270e+001,-1.24320e+002,-1.38102e+002,-1.42790e+002
0,46,-27.06,0.00,0,0,37966236.600,103246.2366,66.2,7.90359e+003,1.93209e+004,1.10512e+004,1.56565e+004,1.39800e+004,1.47086e+004,1.56480e+004,1.63700e+004,1.62242e+004,2.45308e+004, 1.52148e+002, 1.26250e+002, 1.20015e+002, 1.26444e+002, 1.63131e+002, 1.52148e+002,-7.52220e+001,-1.03627e+002,-1.29315e+002,-1.43636e+002,-1.48532e+002
0,47,-27.65,0.00,0,0,37966336.600,103246.3366,72.8,9.54099e+003,1.89149e+004,1.15501e+004,1.58949e+004,1.45800e+004,1.47986e+004,1.64189e+004,1.64314e+004,1.67116e+004,2.46873e+004, 1.57119e+002, 1.30221e+002, 1.23232e+002, 1.30183e+002, 1.66520e+002, 1.57119e+002,-9.01038e+001,-1.08052e+002,-1.34491e+002,-1.50180e+002,-1.52653e+002
0,48,-28.24,0.00,0,0,37966436.600,103246.4366,81.3,1.06257e+004,1.78442e+004,1.21630e+004,1.60960e+004,1.53617e+004,1.48788e+004,1.70061e+004,1.65074e+004,1.75435e+004,2.48760e+004, 1.53896e+002, 1.34511e+002, 1.27224e+002, 1.33292e+002, 1.71948e+002, 1.53896e+002,-9.98363e+001,-1.13461e+002,-1.41193e+002,-1.55135e+002,-1.59646e+002
0,49,-28.82,0.00,0,0,37966536.600,103246.5366,91.5,1.07349e+004,1.69218e+004,1.29375e+004,1.63732e+004,1.60140e+004,1.52132e+004,1.77115e+004,1.68119e+004,1.84101e+004,2.51927e+004, 1.48021e+002, 1.40241e+002, 1.32634e+002, 1.38565e+002, 1.78542e+002, 1.48021e+002,-1.00811e+002,-1.20251e+002,-1.46749e+002,-1.61051e+002,-1.66874e+002
0,50,-29.41,0.00,0,0,37966636.600,103246.6366,100.8,9.72311e+003,1.70183e+004,1.34726e+004,1.65279e+004,1.63893e+004,1.54853e+004,1.84171e+004,1.70595e+004,1.90485e+004,2.54041e+004, 1.43869e+002, 1.44001e+002, 1.36392e+002, 1.43562e+002, 1.83637e+002, 1.43869e+002,-9.17448e+001,-1.24914e+002,-1.49930e+002,-1.66932e+002,-1.72162e+002
0,51,-30.00,0.00,0,0,37966736.600,103246.7366,100.7,8.64361e+003,1.82197e+004,1.37364e+004,1.63463e+004,1.65556e+004,1.52743e+004,1.84538e+004,1.66720e+004,1.89453e+004,2.50727e+004, 1.45547e+002, 1.43871e+002, 1.35607e+002, 1.41048e+002, 1.80935e+002, 1.45547e+002,-8.19764e+001,-1.27205e+002,-1.51336e+002,-1.67237e+002,-1.71310e+002
0,52,-30.59,0.00,0,0,37966836.600,103246.8366,107.2,9.78611e+003,1.95509e+004,1.34934e+004,1.58117e+004,1.62400e+004,1.48186e+004,1.82774e+004,1.61285e+004,1.83911e+004,2.41580e+004, 1.64017e+002, 1.38546e+002, 1.30759e+002, 1.36459e+002, 1.71939e+002, 1.64017e+002,-9.23118e+001,-1.25095e+002,-1.48666e+002,-1.65771e+002,-1.66716e+002
0,53,-31.18,0.00,0,0,37966936.600,103246.9366,109.6,1.22233e+004,1.91865e+004,1.36163e+004,1.58096e+004,1.63980e+004,1.47211e+004,1.83950e+004,1.62524e+004,1.86937e+004,2.42176e+004, 1.74326e+002, 1.39115e+002, 1.30762e+002, 1.37861e+002, 1.73925e+002, 1.74326e+002,-1.13991e+002,-1.26163e+002,-1.50004e+002,-1.66748e+002,-1.69227e+002
0,54,-31.76,0.00,0,0,37967036.600,103247.0366,110.0,1.25159e+004,1.71521e+004,1.40770e+004,1.63524e+004,1.68021e+004,1.52501e+004,1.87638e+004,1.66687e+004,1.93656e+004,2.48536e+004, 1.59016e+002, 1.45585e+002, 1.36589e+002, 1.42485e+002, 1.81843e+002, 1.59016e+002,-1.16561e+002,-1.30153e+002,-1.53417e+002,-1.69808e+002,-1.74778e+002
0,55,-32.35,0.00,0,0,37967136.600,103247.1366,109.2,1.04633e+004,1.64824e+004,1.41714e+004,1.65990e+004,1.67642e+004,1.56113e+004,1.88833e+004,1.70676e+004,1.93649e+004,2.51354e+004, 1.43121e+002, 1.47985e+002, 1.39106e+002, 1.45838e+002, 1.83645e+002, 1.43121e+002,-9.83855e+001,-1.30969e+002,-1.53097e+002,-1.70797e+002,-1.74772e+002
0,56,-32.94,0.00,0,0,37967236.600,103247.2366,108.2,8.97737e+003,1.85926e+004,1.39527e+004,1.68786e+004,1.68198e+004,1.58171e+004,1.89938e+004,1.74652e+004,1.95104e+004,2.55235e+004, 1.51370e+002, 1.49088e+002, 1.40908e+002, 1.49100e+002, 1.86964e+002, 1.51370e+002,-8.50073e+001,-1.29078e+002,-1.53566e+002,-1.71710e+002,-1.75970e+002
0,57,-33.53,0.00,0,0,37967336.600,103247.3366,94.6,1.00462e+004,2.11120e+004,1.39779e+004,1.70946e+004,1.69241e+004,1.60746e+004,1.90197e+004,1.78258e+004,1.94576e+004,2.59662e+004, 1.79688e+002, 1.50902e+002, 1.43335e+002, 1.51744e+002, 1.89570e+002, 1.79688e+002,-9.46491e+001,-1.29296e+002,-1.54445e+002,-1.71924e+002,-1.75535e+002
0,58,-34.12,0.00,0,0,37967436.600,103247.4366,108.3,1.22092e+004,2.03936e+004,1.41453e+004,1.71774e+004,1.67825e+004,1.59381e+004,1.89352e+004,1.76915e+004,1.92950e+004,2.58646e+004, 1.84593e+002, 1.52498e+002, 1.41631e+002, 1.50394e+002, 1.88001e+002, 1.84593e+002,-1.13867e+002,-1.30744e+002,-1.53251e+002,-1.71226e+002,-1.74196e+002
0,59,-34.71,0.00,0,0,37967536.600,103247.5366,112.2,1.25757e+004,1.84176e+004,1.39038e+004,1.76204e+004,1.65343e+004,1.59910e+004,1.88647e+004,1.79101e+004,1.92900e+004,2.60729e+004, 1.69807e+002, 1.54713e+002, 1.40832e+002, 1.51642e+002, 1.89346e+002, 1.69807e+002,-1.17085e+002,-1.28655e+002,-1.51156e+002,-1.70643e+002,-1.74155e+002
0,60,-35.29,0.00,0,0,37967636.600,103247.6366,111.3,1.09246e+004,1.77507e+004,1.35364e+004,1.81654e+004,1.65448e+004,1.65969e+004,1.87702e+004,1.85105e+004,1.93637e+004,2.68891e+004, 1.54762e+002, 1.57034e+002, 1.45379e+002, 1.55348e+002, 1.95211e+002, 1.54762e+002,-1.02501e+002,-1.25469e+002,-1.51245e+002,-1.69861e+002,-1.74762e+002
0,61,-35.88,0.00,0,0,37967736.600,103247.7366,115.0,9.18120e+003,1.90294e+004,1.36659e+004,1.83364e+004,1.65416e+004,1.73950e+004,1.87898e+004,1.92852e+004,1.95377e+004,2.75897e+004, 1.56219e+002, 1.59038e+002, 1.51281e+002, 1.60810e+002, 2.00946e+002, 1.56219e+002,-8.68535e+001,-1.26593e+002,-1.51218e+002,-1.70023e+002,-1.76194e+002
0,62,-36.47,0.00,0,0,37967836.600,103247.8366,114.5,8.95798e+003,2.15977e+004,1.37531e+004,1.85349e+004,1.62859e+004,1.81869e+004,1.86799e+004,1.99167e+004,1.94691e+004,2.82781e+004, 1.77848e+002, 1.61036e+002, 1.55847e+002, 1.64614e+002, 2.05350e+002, 1.77848e+002,-8.48314e+001,-1.27349e+002,-1.49055e+002,-1.69113e+002,-1.75630e+002
0,63,-37.06,0.00,0,0,37967936.600,103247.9366,114.4,1.04522e+004,2.24611e+004,1.33359e+004,1.86535e+004,1.61260e+004,1.84185e+004,1.80916e+004,2.01583e+004,1.90576e+004,2.88097e+004, 1.94570e+002, 1.59760e+002, 1.56744e+002, 1.63301e+002, 2.06916e+002, 1.94570e+002,-9.82862e+001,-1.23725e+002,-1.47699e+002,-1.64224e+002,-1.72238e+002
0,64,-37.65,0.00,0,0,37968036.600,103248.0366,114.7,1.17276e+004,2.09614e+004,1.30524e+004,1.89282e+004,1.61006e+004,1.84237e+004,1.77095e+004,2.03059e+004,1.88002e+004,2.90262e+004, 1.86892e+002, 1.60395e+002, 1.56654e+002, 1.62396e+002, 2.07019e+002, 1.86892e+002,-1.09622e+002,-1.21255e+002,-1.47484e+002,-1.61035e+002,-1.70109e+002
0,65,-38.24,0.00,0,0,37968136.600,103248.1366,111.9,1.14588e+004,1.93602e+004,1.29801e+004,1.92691e+004,1.63020e+004,1.85514e+004,1.78229e+004,2.06918e+004,1.88659e+004,2.94607e+004, 1.71449e+002, 1.62647e+002, 1.58611e+002, 1.65581e+002, 2.10562e+002, 1.71449e+002,-1.07244e+002,-1.20623e+002,-1.49191e+002,-1.61982e+002,-1.70653e+002
0,66,-38.82,0.00,0,0,37968236.600,103248.2366,110.3,9.76458e+003,1.94638e+004,1.31369e+004,1.94172e+004,1.64991e+004,1.90267e+004,1.81021e+004,2.10128e+004,1.87710e+004,2.97931e+004, 1.63128e+002, 1.64614e+002, 1.63120e+002, 1.69176e+002, 2.12561e+002, 1.63128e+002,-9.21181e+001,-1.21992e+002,-1.50859e+002,-1.64311e+002,-1.69867e+002
0,67,-39.41,0.00,0,0,37968336.600,103248.3366,108.2,8.76412e+003,2.10349e+004,1.32529e+004,1.94400e+004,1.63873e+004,1.93485e+004,1.82895e+004,2.11271e+004,1.88521e+004,2.99437e+004, 1.71412e+002, 1.65400e+002, 1.64912e+002, 1.70915e+002, 2.14103e+002, 1.71412e+002,-8.30719e+001,-1.23003e+002,-1.49913e+002,-1.65871e+002,-1.70539e+002
0,68,-40.00,0.00,0,0,37968436.600,103248.4366,105.5,9.31295e+003,2.24531e+004,1.32750e+004,1.94468e+004,1.64282e+004,1.90432e+004,1.84894e+004,2.09037e+004,1.90081e+004,3.00374e+004, 1.89344e+002, 1.65569e+002, 1.62876e+002, 1.70417e+002, 2.15610e+002, 1.89344e+002,-8.80450e+001,-1.23195e+002,-1.50259e+002,-1.67532e+002,-1.71829e+002