Line,Sample,X,Y,Mark,Status,Time[ms],Time[hhmmss.sss],PowerLn, ResLayer_1, ResLayer_2, ResLayer_3, ThiLayer_1, ThiLayer_2,FitError(%)
0,0,0.00,0.00,0,0,49136044.200,133856.0442,47.2, 34.903, 34.903, 2.865, 4.086, 4.086, 98.52
0,1,0.01,0.00,0,0,49136144.200,133856.1442,47.4, 34.903, 34.903, 5.220, 3.297, 3.297, 94.41
0,2,0.02,0.00,0,0,49136244.200,133856.2442,47.6, 34.903, 34.903, 6.940, 3.391, 3.391, 80.90
0,3,0.03,0.00,0,0,49136344.200,133856.3442,47.3, 34.903, 3.867, 25.857, 6.640, 3.467, 84.30
0,4,0.04,0.00,0,0,49136444.200,133856.4442,47.4, 34.903, 2.865, 34.903, 6.640, 2.700, 93.76
0,5,0.05,0.00,0,0,49136544.200,133856.5442,47.4, 31.582, 3.166, 34.903, 6.640, 2.700, 90.81
0,6,0.06,0.00,0,0,49136644.200,133856.6442,47.4, 34.903, 34.903, 5.769, 3.118, 3.118, 66.89
0,7,0.07,0.00,0,0,49136744.200,133856.7442,47.1, 34.903, 34.903, 5.220, 3.644, 3.644, 71.00
0,8,0.08,0.00,0,0,49136844.200,133856.8442,46.9, 34.903, 34.903, 4.274, 3.644, 3.644, 75.59
0,9,0.09,0.00,0,0,49136944.200,133856.9442,47.4, 34.903, 34.903, 5.769, 3.644, 3.644, 62.71
0,10,0.10,0.00,0,0,49137044.200,133857.0442,46.9, 34.903, 34.903, 4.724, 3.644, 3.644, 70.73
0,11,0.11,0.00,0,0,49137144.200,133857.1442,46.5, 34.903, 34.903, 5.220, 3.571, 3.571, 96.21
0,12,0.12,0.00,0,0,49137244.200,133857.2442,47.1, 34.903, 34.903, 5.841, 3.243, 3.243, 94.36
0,13,0.13,0.00,0,0,49137344.200,133857.3442,46.7, 34.903, 34.903, 5.220, 3.283, 3.283, 85.99
0,14,0.14,0.00,0,0,49137444.200,133857.4442,47.1, 34.903, 6.376, 18.741, 6.008, 3.347, 109.25
0,15,0.15,0.00,0,0,49137544.200,133857.5442,47.0, 34.903, 7.047, 25.857, 6.008, 5.432, 101.65
0,16,0.15,0.00,0,0,49137644.200,133857.6442,47.2, 34.903, 8.607, 21.170, 5.437, 2.737, 105.11
0,17,0.16,0.00,0,0,49137744.200,133857.7442,46.7, 34.903, 8.607, 28.577, 6.640, 6.266, 96.83
0,18,0.17,0.00,0,0,49137844.200,133857.8442,47.2, 34.903, 5.769, 34.903, 6.640, 4.919, 80.19
0,19,0.18,0.00,0,0,49137944.200,133857.9442,46.9, 34.903, 2.865, 34.903, 6.640, 2.443, 76.81
0,20,0.19,0.00,0,0,49138044.200,133858.0442,47.6, 34.903, 6.376, 34.903, 6.640, 4.919, 79.53
0,21,0.20,0.00,0,0,49138144.200,133858.1442,47.1, 34.903, 9.171, 12.840, 5.436, 1.932, 83.25
0,22,0.21,0.00,0,0,49138244.200,133858.2442,47.1, 34.903, 4.274, 21.170, 6.640, 4.131, 87.31
0,23,0.22,0.00,0,0,49138344.200,133858.3442,47.1, 34.903, 25.857, 10.513, 3.763, 3.197, 101.29
0,24,0.23,0.00,0,0,49138444.200,133858.4442,47.3, 34.903, 5.769, 2.865, 6.640, 6.640, 123.07
0,25,0.24,0.00,0,0,49138544.200,133858.5442,47.2, 34.903, 34.903, 2.865, 6.640, 6.640, 104.23
0,26,0.25,0.00,0,0,49138644.200,133858.6442,47.2, 34.903, 34.903, 2.865, 5.869, 5.869, 108.33
0,27,0.26,0.00,0,0,49138744.200,133858.7442,47.3, 34.903, 8.607, 2.865, 6.640, 4.028, 116.37
0,28,0.27,0.00,0,0,49138844.200,133858.8442,46.9, 34.903, 12.840, 2.865, 6.640, 4.451, 113.50
0,29,0.28,0.00,0,0,49138944.200,133858.9442,46.8, 34.903, 11.618, 2.865, 6.640, 4.451, 114.21
0,30,0.29,0.00,0,0,49139044.200,133859.0442,47.1, 34.903, 7.788, 2.865, 6.640, 5.437, 116.96
0,31,0.30,0.00,0,0,49139144.200,133859.1442,46.7, 34.903, 9.512, 2.865, 6.640, 4.451, 111.80
0,32,0.31,0.00,0,0,49139244.200,133859.2442,46.7, 34.903, 12.840, 2.865, 6.640, 6.640, 112.01
0,33,0.32,0.00,0,0,49139344.200,133859.3442,47.3, 34.903, 34.903, 2.865, 6.640, 6.640, 112.51
0,34,0.33,0.00,0,0,49139444.200,133859.4442,47.1, 34.903, 33.728, 2.865, 6.640, 6.640, 105.82
0,35,0.34,0.00,0,0,49139544.300,133859.5443,47.0, 34.903, 8.607, 2.865, 6.640, 4.451, 116.62
0,36,0.35,0.00,0,0,49139644.200,133859.6442,47.1, 34.903, 8.607, 2.865, 6.640, 4.451, 113.73
0,37,0.36,0.00,0,0,49139744.200,133859.7442,46.6, 34.903, 34.903, 2.865, 6.640, 6.640, 97.19
0,38,0.37,0.00,0,0,49139844.200,133859.8442,47.2, 34.903, 34.903, 2.865, 6.008, 6.008, 101.23
0,39,0.38,0.00,0,0,49139944.200,133859.9442,47.1, 34.903, 34.903, 2.865, 5.782, 5.782, 100.63
0,40,0.39,0.00,0,0,49140044.300,133900.0443,46.6, 34.903, 34.903, 2.865, 6.008, 6.008, 102.04
0,41,0.40,0.00,0,0,49140144.300,133900.1443,46.8, 34.903, 34.903, 2.865, 5.437, 5.437, 103.81
0,42,0.41,0.00,0,0,49140244.200,133900.2442,46.6, 34.903, 34.903, 2.865, 5.437, 5.437, 105.81
0,43,0.42,0.00,0,0,49140344.300,133900.3443,46.8, 34.903, 34.903, 2.865, 4.978, 4.978, 100.43
0,44,0.43,0.00,0,0,49140444.200,133900.4442,46.7, 34.903, 34.903, 4.346, 2.984, 2.984, 123.54
0,45,0.44,0.00,0,0,49140544.300,133900.5443,46.4, 34.903, 34.903, 4.724, 3.297, 3.297, 99.57
0,46,0.44,0.00,0,0,49140644.300,133900.6443,46.5, 34.903, 34.903, 5.769, 3.268, 3.268, 91.51
0,47,0.45,0.00,0,0,49140744.300,133900.7443,46.8, 34.903, 34.903, 5.220, 3.644, 3.644, 79.56
0,48,0.46,0.00,0,0,49140844.300,133900.8443,46.5, 34.903, 34.903, 5.769, 3.644, 3.644, 75.00
0,49,0.47,0.00,0,0,49140944.300,133900.9443,46.5, 34.903, 34.903, 4.724, 4.028, 4.028, 78.24
0,50,0.48,0.00,0,0,49141044.300,133901.0443,46.8, 34.903, 34.903, 4.724, 4.028, 4.028, 71.60
0,51,0.49,0.00,0,0,49141144.300,133901.1443,46.6, 34.903, 34.903, 5.220, 3.644, 3.644, 69.67
0,52,0.50,0.00,0,0,49141244.300,133901.2443,46.4, 34.903, 34.903, 7.077, 3.484, 3.484, 66.17
0,53,0.51,0.00,0,0,49141344.300,133901.3443,46.5, 34.903, 34.903, 7.665, 3.328, 3.328, 59.42
0,54,0.52,0.00,0,0,49141444.300,133901.4443,46.7, 34.903, 34.903, 8.687, 3.349, 3.349, 61.22
0,55,0.53,0.00,0,0,49141544.300,133901.5443,46.4, 34.903, 34.903, 5.220, 3.644, 3.644, 67.64
0,56,0.54,0.00,0,0,49141644.300,133901.6443,46.5, 34.903, 34.903, 5.220, 3.644, 3.644, 70.34
0,57,0.55,0.00,0,0,49141744.300,133901.7443,46.3, 34.903, 34.903, 9.287, 3.273, 3.273, 81.34
0,58,0.56,0.00,0,0,49141844.300,133901.8443,46.0, 34.903, 5.753, 25.857, 6.640, 5.634, 81.88
0,59,0.57,0.00,0,0,49141944.300,133901.9443,46.3, 34.903, 5.769, 28.577, 6.640, 5.174, 78.06
0,60,0.58,0.00,0,0,49142044.300,133902.0443,46.4, 34.903, 5.220, 34.903, 6.640, 4.028, 93.49
0,61,0.59,0.00,0,0,49142144.300,133902.1443,46.0, 34.903, 5.220, 34.903, 6.640, 4.028, 92.56
0,62,0.60,0.00,0,0,49142244.300,133902.2443,46.6, 34.903, 5.769, 34.903, 6.640, 4.919, 85.16
0,63,0.61,0.00,0,0,49142344.300,133902.3443,46.3, 34.903, 5.769, 34.903, 6.640, 4.451, 91.44
0,64,0.62,0.00,0,0,49142444.300,133902.4443,46.4, 34.903, 9.504, 3.166, 3.467, 6.316, 152.89
0,65,0.63,0.00,0,0,49142544.300,133902.5443,46.5, 34.903, 5.769, 2.865, 4.919, 6.640, 142.29
0,66,0.64,0.00,0,0,49142644.300,133902.6443,46.1, 34.903, 23.396, 4.268, 6.501, 2.806, 90.72
0,67,0.65,0.00,0,0,49142744.300,133902.7443,46.5, 34.903, 19.077, 2.865, 6.506, 3.495, 90.71
0,68,0.66,0.00,0,0,49142844.300,133902.8443,46.9, 34.903, 7.047, 2.865, 6.640, 6.640, 111.86
0,69,0.67,0.00,0,0,49142944.300,133902.9443,46.9, 34.903, 6.376, 2.865, 6.640, 6.640, 108.46
0,70,0.68,0.00,0,0,49143044.300,133903.0443,46.9, 34.903, 34.903, 5.428, 3.956, 3.956, 91.47
0,71,0.69,0.00,0,0,49143144.300,133903.1443,46.7, 34.903, 10.513, 2.865, 6.640, 4.028, 104.99
0,72,0.70,0.00,0,0,49143244.300,133903.2443,46.6, 34.903, 7.788, 2.865, 6.640, 4.451, 105.53
0,73,0.71,0.00,0,0,49143344.300,133903.3443,46.6, 34.903, 7.788, 2.865, 6.640, 4.451, 109.66
0,74,0.72,0.00,0,0,49143444.300,133903.4443,46.4, 34.903, 8.607, 2.865, 6.640, 4.028, 102.72
0,75,0.73,0.00,0,0,49143544.300,133903.5443,46.4, 34.903, 7.047, 2.865, 6.640, 6.640, 110.68
0,76,0.74,0.00,0,0,49143644.300,133903.6443,46.1, 34.903, 6.376, 2.865, 6.640, 6.640, 124.46
0,77,0.74,0.00,0,0,49143744.300,133903.7443,46.2, 34.903, 8.607, 2.865, 6.640, 4.451, 114.78
0,78,0.75,0.00,0,0,49143844.300,133903.8443,46.2, 34.903, 7.788, 2.865, 6.640, 4.919, 113.06
0,79,0.76,0.00,0,0,49143944.300,133903.9443,46.3, 34.903, 7.047, 2.865, 6.640, 6.640, 116.38
0,80,0.77,0.00,0,0,49144044.300,133904.0443,46.3, 34.903, 7.047, 2.865, 6.640, 6.640, 108.91
0,81,0.78,0.00,0,0,49144144.300,133904.1443,46.4, 34.903, 9.512, 2.865, 6.640, 4.451, 102.02
0,82,0.79,0.00,0,0,49144244.300,133904.2443,46.4, 34.903, 34.903, 2.865, 6.146, 6.146, 95.28
0,83,0.80,0.00,0,0,49144344.300,133904.3443,46.4, 34.903, 34.903, 2.865, 4.028, 4.028, 106.23
0,84,0.81,0.00,0,0,49144444.300,133904.4443,46.1, 34.903, 34.903, 2.865, 4.273, 4.273, 111.02
0,85,0.82,0.00,0,0,49144544.300,133904.5443,45.7, 34.903, 34.903, 3.499, 3.297, 3.297, 116.03
0,86,0.83,0.00,0,0,49144644.300,133904.6443,45.9, 34.903, 34.903, 3.166, 4.028, 4.028, 87.88
0,87,0.84,0.00,0,0,49144744.300,133904.7443,45.8, 34.903, 34.903, 3.043, 3.644, 3.644, 104.13
0,88,0.85,0.00,0,0,49144844.300,133904.8443,45.6, 34.903, 34.903, 3.166, 3.644, 3.644, 110.59
0,89,0.86,0.00,0,0,49144944.300,133904.9443,45.6, 34.903, 34.903, 4.274, 3.644, 3.644, 92.85
0,90,0.87,0.00,0,0,49145044.300,133905.0443,45.4, 34.903, 34.903, 4.274, 3.644, 3.644, 79.38
0,91,0.88,0.00,0,0,49145144.300,133905.1443,45.5, 34.903, 34.903, 4.724, 3.297, 3.297, 90.18
0,92,0.89,0.00,0,0,49145244.300,133905.2443,45.7, 34.903, 34.903, 5.769, 3.211, 3.211, 109.38
0,93,0.90,0.00,0,0,49145344.300,133905.3443,45.6, 34.903, 34.903, 5.220, 3.644, 3.644, 99.78
0,94,0.91,0.00,0,0,49145444.300,133905.4443,45.2, 34.903, 34.903, 4.024, 4.028, 4.028, 98.70
0,95,0.92,0.00,0,0,49145544.300,133905.5443,45.4, 34.903, 34.903, 4.724, 3.644, 3.644, 86.58
0,96,0.93,0.00,0,0,49145644.300,133905.6443,45.9, 34.903, 34.903, 5.769, 3.297, 3.297, 69.77
0,97,0.94,0.00,0,0,49145744.300,133905.7443,46.3, 34.903, 34.903, 4.724, 3.644, 3.644, 82.87
0,98,0.95,0.00,0,0,49145844.300,133905.8443,46.1, 34.903, 34.903, 4.100, 3.644, 3.644, 101.56
0,99,0.96,0.00,0,0,49145944.300,133905.9443,46.2, 34.903, 34.903, 4.724, 3.644, 3.644, 95.80
0,100,0.97,0.00,0,0,49146044.300,133906.0443,45.9, 34.903, 34.903, 7.019, 3.102, 3.102, 101.86
0,101,0.98,0.00,0,0,49146144.300,133906.1443,45.9, 34.903, 8.607, 28.577, 6.640, 6.317, 104.77
0,102,0.99,0.00,0,0,49146244.300,133906.2443,45.8, 34.903, 7.788, 28.577, 6.640, 6.008, 102.06
0,103,1.00,0.00,0,0,49146344.300,133906.3443,45.4, 34.903, 7.788, 25.857, 6.640, 5.715, 104.14
0,104,1.01,0.00,0,0,49146444.300,133906.4443,45.8, 34.903, 28.784, 6.376, 4.778, 2.662, 97.67
0,105,1.02,0.00,0,0,49146544.300,133906.5443,46.0, 34.903, 6.376, 21.170, 6.640, 5.167, 92.79
0,106,1.03,0.00,0,0,49146644.300,133906.6443,45.8, 34.903, 23.396, 2.865, 6.470, 2.895, 102.00
0,107,1.03,0.00,0,0,49146744.300,133906.7443,45.7, 34.903, 34.903, 2.865, 4.451, 4.451, 108.50
0,108,1.04,0.00,0,0,49146844.300,133906.8443,45.9, 34.903, 28.577, 7.788, 4.354, 3.309, 95.04
0,109,1.05,0.00,0,0,49146944.300,133906.9443,46.1, 34.903, 25.852, 9.235, 3.664, 1.510, 102.14
0,110,1.06,0.00,0,0,49147044.300,133907.0443,45.8, 34.903, 7.788, 2.865, 6.557, 4.451, 101.98
0,111,1.07,0.00,0,0,49147144.300,133907.1443,45.8, 34.903, 12.840, 2.865, 6.640, 4.028, 103.33
0,112,1.08,0.00,0,0,49147244.300,133907.2443,45.8, 34.903, 12.840, 2.865, 6.640, 4.451, 113.03
0,113,1.09,0.00,0,0,49147344.300,133907.3443,45.9, 34.903, 9.512, 2.865, 6.640, 4.028, 109.87
0,114,1.10,0.00,0,0,49147444.300,133907.4443,46.1, 34.903, 7.788, 3.166, 6.008, 6.165, 108.28
0,115,1.11,0.00,0,0,49147544.300,133907.5443,45.9, 34.903, 5.769, 2.865, 6.640, 6.640, 116.89
0,116,1.12,0.00,0,0,49147644.300,133907.6443,45.9, 34.903, 34.903, 2.865, 6.008, 6.008, 103.28
0,117,1.13,0.00,0,0,49147744.300,133907.7443,46.1, 34.903, 31.582, 2.865, 6.008, 6.008, 105.75
0,118,1.14,0.00,0,0,49147844.300,133907.8443,45.9, 34.903, 8.607, 2.865, 6.640, 4.028, 112.67
0,119,1.15,0.00,0,0,49147944.300,133907.9443,46.1, 34.903, 10.513, 2.865, 6.640, 4.028, 113.81
0,120,1.16,0.00,0,0,49148044.300,133908.0443,46.0, 34.903, 7.788, 2.865, 6.640, 5.437, 119.29
0,121,1.17,0.00,0,0,49148144.300,133908.1443,45.9, 34.903, 7.047, 2.865, 6.640, 6.640, 121.23
0,122,1.18,0.00,0,0,49148244.300,133908.2443,46.2, 34.903, 10.513, 2.865, 6.640, 4.451, 106.10
0,123,1.19,0.00,0,0,49148344.300,133908.3443,46.1, 34.903, 34.903, 2.865, 6.640, 6.640, 93.87
0,124,1.20,0.00,0,0,49148444.300,133908.4443,45.7, 34.903, 15.683, 2.865, 6.640, 4.451, 98.05
0,125,1.21,0.00,0,0,49148544.300,133908.5443,46.1, 34.903, 34.903, 2.865, 6.580, 6.580, 94.12
0,126,1.22,0.00,0,0,49148644.300,133908.6443,46.0, 34.903, 34.903, 2.865, 6.008, 6.008, 99.83
0,127,1.23,0.00,0,0,49148744.300,133908.7443,45.6, 34.903, 34.903, 2.865, 4.369, 4.369, 106.84
0,128,1.24,0.00,0,0,49148844.300,133908.8443,46.0, 34.903, 34.903, 4.274, 3.644, 3.644, 99.91
0,129,1.25,0.00,0,0,49148944.300,133908.9443,45.5, 34.903, 34.903, 4.274, 3.644, 3.644, 106.81
0,130,1.26,0.00,0,0,49149044.300,133909.0443,45.8, 34.903, 34.903, 2.865, 4.451, 4.451, 113.59
0,131,1.27,0.00,0,0,49149144.300,133909.1443,46.8, 34.903, 34.903, 4.274, 3.297, 3.297, 111.82
0,132,1.28,0.00,0,0,49149244.300,133909.2443,46.6, 34.903, 34.903, 4.724, 3.297, 3.297, 87.05
0,133,1.29,0.00,0,0,49149344.300,133909.3443,46.3, 34.903, 34.903, 4.724, 3.644, 3.644, 89.92
0,134,1.30,0.00,0,0,49149444.300,133909.4443,46.4, 34.903, 34.903, 4.724, 3.640, 3.640, 87.05
0,135,1.31,0.00,0,0,49149544.300,133909.5443,45.8, 34.903, 34.903, 4.274, 3.644, 3.644, 103.16
0,136,1.32,0.00,0,0,49149644.300,133909.6443,45.4, 34.903, 34.903, 4.724, 4.028, 4.028, 100.93
0,137,1.32,0.00,0,0,49149744.300,133909.7443,45.6, 34.903, 34.903, 5.220, 3.644, 3.644, 100.34
0,138,1.33,0.00,0,0,49149844.300,133909.8443,45.9, 23.396, 9.512, 34.903, 5.437, 6.640, 177.48
0,139,1.34,0.00,0,0,49149944.300,133909.9443,46.1, 34.903, 34.903, 2.865, 4.451, 4.451, 106.43
0,140,1.35,0.00,0,0,49150044.300,133910.0443,46.0, 34.903, 23.396, 3.778, 5.793, 3.918, 110.51
0,141,1.36,0.00,0,0,49150144.300,133910.1443,45.7, 34.903, 7.787, 21.170, 6.612, 2.998, 95.68
0,142,1.37,0.00,0,0,49150244.300,133910.2443,45.8, 34.903, 34.903, 5.769, 3.270, 3.270, 76.03
0,143,1.38,0.00,0,0,49150344.300,133910.3443,45.9, 34.903, 34.903, 4.724, 3.644, 3.644, 90.09
0,144,1.39,0.00,0,0,49150444.300,133910.4443,46.1, 34.903, 34.903, 4.724, 3.644, 3.644, 98.04
0,145,1.40,0.00,0,0,49150544.300,133910.5443,46.2, 34.903, 34.903, 4.947, 3.219, 3.219, 118.97
0,146,1.41,0.00,0,0,49150644.300,133910.6443,46.5, 34.903, 34.903, 2.865, 6.008, 6.008, 102.63
0,147,1.42,0.00,0,0,49150744.300,133910.7443,46.8, 34.903, 14.659, 5.220, 3.644, 6.640, 139.98
0,148,1.43,0.00,0,0,49150844.300,133910.8443,46.5, 31.582, 4.274, 23.396, 6.640, 5.715, 145.49
0,149,1.44,0.00,0,0,49150944.300,133910.9443,46.5, 34.903, 34.903, 2.865, 4.252, 4.252, 97.73
0,150,1.45,0.00,0,0,49151044.300,133911.0443,46.3, 34.903, 34.903, 4.169, 3.297, 3.297, 97.59
0,151,1.46,0.00,0,0,49151144.300,133911.1443,46.4, 34.903, 11.869, 3.123, 4.919, 6.156, 108.76
0,152,1.47,0.00,0,0,49151244.300,133911.2443,46.6, 34.903, 6.376, 2.865, 4.028, 6.640, 155.73
0,153,1.48,0.00,0,0,49151344.300,133911.3443,46.3, 34.903, 7.047, 2.865, 6.640, 6.640, 117.84
0,154,1.49,0.00,0,0,49151444.300,133911.4443,46.5, 34.903, 7.047, 2.865, 6.640, 6.640, 113.26
0,155,1.50,0.00,0,0,49151544.300,133911.5443,46.9, 34.903, 12.840, 2.865, 5.505, 4.919, 104.96
0,156,1.51,0.00,0,0,49151644.300,133911.6443,46.8, 34.903, 7.788, 2.865, 6.640, 5.437, 99.39
0,157,1.52,0.00,0,0,49151744.300,133911.7443,47.3, 34.903, 17.333, 2.865, 6.640, 4.919, 92.60
0,158,1.53,0.00,0,0,49151844.300,133911.8443,46.9, 34.903, 11.618, 2.865, 6.640, 4.451, 102.96
0,159,1.54,0.00,0,0,49151944.300,133911.9443,46.7, 34.903, 7.788, 2.865, 6.640, 6.008, 117.12
0,160,1.55,0.00,0,0,49152044.300,133912.0443,46.8, 34.903, 7.788, 2.865, 6.640, 5.437, 126.61
0,161,1.56,0.00,0,0,49152144.300,133912.1443,46.8, 34.903, 34.903, 2.865, 6.008, 6.008, 107.89
0,162,1.57,0.00,0,0,49152244.300,133912.2443,46.9, 34.903, 34.903, 2.865, 5.529, 5.529, 109.22
0,163,1.58,0.00,0,0,49152344.300,133912.3443,47.1, 34.903, 34.903, 2.865, 5.437, 5.437, 101.86
0,164,1.59,0.00,0,0,49152444.300,133912.4443,47.0, 34.903, 34.903, 2.865, 5.317, 5.317, 91.93
0,165,1.60,0.00,0,0,49152544.300,133912.5443,46.7, 34.903, 34.903, 2.865, 6.640, 6.640, 100.02
0,166,1.61,0.00,0,0,49152644.300,133912.6443,46.3, 34.903, 34.903, 2.865, 4.752, 4.752, 117.43
0,167,1.62,0.00,0,0,49152744.300,133912.7443,46.6, 34.903, 34.903, 4.724, 3.644, 3.644, 90.29
0,168,1.62,0.00,0,0,49152844.300,133912.8443,46.5, 34.903, 34.903, 4.274, 3.297, 3.297, 115.64
0,169,1.63,0.00,0,0,49152944.300,133912.9443,46.3, 34.903, 34.903, 2.865, 4.556, 4.556, 99.04
0,170,1.64,0.00,0,0,49153044.300,133913.0443,46.3, 34.903, 34.903, 4.274, 3.297, 3.297, 108.81
0,171,1.65,0.00,0,0,49153144.300,133913.1443,47.0, 34.903, 34.903, 4.274, 3.297, 3.297, 117.76
0,172,1.66,0.00,0,0,49153244.300,133913.2443,46.5, 34.903, 34.903, 4.724, 3.644, 3.644, 90.33
0,173,1.67,0.00,0,0,49153344.300,133913.3443,46.7, 34.903, 34.903, 5.220, 3.644, 3.644, 79.53
0,174,1.68,0.00,0,0,49153444.300,133913.4443,46.7, 34.903, 34.903, 5.220, 3.644, 3.644, 102.12
0,175,1.69,0.00,0,0,49153544.300,133913.5443,46.6, 34.903, 34.903, 5.220, 3.644, 3.644, 108.81
0,176,1.70,0.00,0,0,49153644.300,133913.6443,46.3, 34.903, 31.582, 9.512, 3.297, 2.965, 68.57
0,177,1.71,0.00,0,0,49153744.300,133913.7443,45.7, 34.903, 5.769, 23.396, 6.640, 6.008, 64.53
0,178,1.72,0.00,0,0,49153844.300,133913.8443,46.0, 34.903, 34.903, 6.376, 3.585, 3.585, 68.60
0,179,1.73,0.00,0,0,49153944.300,133913.9443,46.7, 34.903, 34.903, 5.220, 3.644, 3.644, 74.92
0,180,1.74,0.00,0,0,49154044.300,133914.0443,46.6, 34.903, 34.903, 4.724, 4.028, 4.028, 70.89
0,181,1.75,0.00,0,0,49154144.300,133914.1443,47.1, 34.903, 34.903, 5.220, 3.644, 3.644, 77.72
0,182,1.76,0.00,0,0,49154244.300,133914.2443,47.2, 34.903, 3.166, 34.903, 6.640, 2.700, 94.01
0,183,1.77,0.00,0,0,49154344.300,133914.3443,47.2, 34.903, 3.499, 34.903, 6.640, 2.984, 92.05
0,184,1.78,0.00,0,0,49154444.300,133914.4443,46.8, 34.903, 7.788, 34.903, 6.640, 6.008, 92.80
0,185,1.79,0.00,0,0,49154544.300,133914.5443,46.6, 34.903, 6.376, 28.577, 6.008, 5.521, 95.51
0,186,1.80,0.00,0,0,49154644.300,133914.6443,47.0, 34.903, 5.220, 34.903, 6.640, 4.451, 80.99
0,187,1.81,0.00,0,0,49154744.300,133914.7443,47.2, 34.903, 2.865, 34.903, 6.640, 2.443, 84.50
0,188,1.82,0.00,0,0,49154844.300,133914.8443,47.5, 34.903, 3.166, 34.903, 6.640, 2.700, 85.07
0,189,1.83,0.00,0,0,49154944.300,133914.9443,47.5, 34.903, 7.788, 25.857, 5.437, 5.433, 94.61
0,190,1.84,0.00,0,0,49155044.300,133915.0443,47.3, 34.903, 28.355, 9.512, 5.255, 2.137, 99.60
0,191,1.85,0.00,0,0,49155144.300,133915.1443,47.5, 34.903, 16.957, 4.274, 5.356, 4.028, 108.63
0,192,1.86,0.00,0,0,49155244.300,133915.2443,47.0, 34.903, 6.667, 2.865, 6.640, 6.640, 115.15
0,193,1.87,0.00,0,0,49155344.300,133915.3443,46.7, 34.903, 6.376, 2.865, 6.640, 6.640, 117.28
0,194,1.88,0.00,0,0,49155444.300,133915.4443,46.9, 34.903, 6.376, 2.865, 6.640, 6.640, 119.84
0,195,1.89,0.00,0,0,49155544.300,133915.5443,47.1, 34.903, 6.376, 2.865, 6.008, 6.640, 111.90
0,196,1.90,0.00,0,0,49155644.300,133915.6443,46.5, 34.903, 2.865, 34.903, 6.640, 2.000, 100.95
0,197,1.91,0.00,0,0,49155744.300,133915.7443,46.5, 34.903, 6.376, 2.865, 6.008, 6.640, 124.21
0,198,1.91,0.00,0,0,49155844.300,133915.8443,46.6, 34.903, 7.047, 2.865, 6.640, 6.640, 122.18
0,199,1.92,0.00,0,0,49155944.300,133915.9443,46.7, 34.903, 7.047, 2.865, 6.640, 6.640, 114.42
0,200,1.93,0.00,0,0,49156044.300,133916.0443,46.1, 34.903, 7.788, 2.865, 6.640, 4.451, 104.33
0,201,1.94,0.00,0,0,49156144.300,133916.1443,45.9, 34.903, 7.788, 2.865, 6.640, 5.437, 103.65
0,202,1.95,0.00,0,0,49156244.300,133916.2443,46.1, 34.903, 12.840, 2.865, 6.640, 4.451, 98.61
0,203,1.96,0.00,0,0,49156344.400,133916.3444,46.1, 34.903, 34.903, 2.865, 5.626, 5.626, 93.39
0,204,1.97,0.00,0,0,49156444.300,133916.4443,46.4, 34.903, 34.903, 2.865, 6.640, 6.640, 98.96
0,205,1.98,0.00,0,0,49156544.400,133916.5444,48.2, 34.903, 7.788, 2.865, 6.640, 4.919, 109.65
0,206,1.99,0.00,0,0,49156644.300,133916.6443,48.4, 34.903, 9.512, 2.865, 6.640, 4.451, 104.47
0,207,2.00,0.00,0,0,49156744.400,133916.7444,48.5, 34.762, 34.903, 2.865, 3.854, 3.854, 108.12
0,208,2.01,0.00,0,0,49156844.400,133916.8444,48.4, 34.903, 34.903, 3.499, 3.644, 3.644, 101.82
0,209,2.02,0.00,0,0,49156944.400,133916.9444,48.0, 34.903, 34.903, 4.724, 4.028, 4.028, 82.66
0,210,2.03,0.00,0,0,49157044.400,133917.0444,48.4, 34.903, 34.903, 4.724, 4.028, 4.028, 76.82
0,211,2.04,0.00,0,0,49157144.400,133917.1444,48.3, 34.903, 34.903, 4.794, 3.644, 3.644, 86.36
0,212,2.05,0.00,0,0,49157244.400,133917.2444,48.6, 34.903, 34.903, 5.220, 3.644, 3.644, 76.08
0,213,2.06,0.00,0,0,49157344.400,133917.3444,48.7, 34.903, 34.903, 4.724, 3.644, 3.644, 71.62
0,214,2.07,0.00,0,0,49157444.400,133917.4444,49.1, 34.903, 34.903, 5.220, 3.644, 3.644, 67.91
0,215,2.08,0.00,0,0,49157544.400,133917.5444,49.4, 34.903, 34.903, 5.769, 3.297, 3.297, 73.00
0,216,2.09,0.00,0,0,49157644.400,133917.6444,49.0, 34.903, 34.903, 7.579, 3.223, 3.223, 79.37
0,217,2.10,0.00,0,0,49157744.400,133917.7444,49.1, 34.903, 34.903, 6.536, 3.644, 3.644, 72.97
0,218,2.11,0.00,0,0,49157844.400,133917.8444,49.1, 34.903, 34.903, 6.376, 3.644, 3.644, 64.53
0,219,2.12,0.00,0,0,49157944.400,133917.9444,48.7, 34.903, 34.903, 5.220, 3.644, 3.644, 71.23
0,220,2.13,0.00,0,0,49158044.400,133918.0444,48.6, 34.903, 34.903, 5.220, 3.644, 3.644, 80.42
0,221,2.14,0.00,0,0,49158144.400,133918.1444,49.1, 34.903, 34.903, 6.589, 3.644, 3.644, 74.53
0,222,2.15,0.00,0,0,49158244.400,133918.2444,48.8, 34.903, 34.903, 7.523, 3.644, 3.644, 72.40
0,223,2.16,0.00,0,0,49158344.400,133918.3444,48.7, 34.903, 34.903, 5.220, 3.644, 3.644, 86.89
0,224,2.17,0.00,0,0,49158444.400,133918.4444,48.6, 34.903, 34.903, 6.713, 3.644, 3.644, 79.45
0,225,2.18,0.00,0,0,49158544.400,133918.5444,48.6, 34.903, 34.903, 7.290, 3.556, 3.556, 67.91
0,226,2.19,0.00,0,0,49158644.400,133918.6444,49.1, 34.903, 34.903, 5.220, 3.644, 3.644, 71.90
0,227,2.20,0.00,0,0,49158744.400,133918.7444,48.7, 34.903, 34.903, 5.220, 3.289, 3.289, 87.92
0,228,2.21,0.00,0,0,49158844.400,133918.8444,49.0, 34.903, 7.047, 34.600, 6.640, 6.008, 95.12
0,229,2.21,0.00,0,0,49158944.400,133918.9444,49.0, 34.903, 7.047, 28.577, 6.008, 5.713, 92.76
0,230,2.22,0.00,0,0,49159044.400,133919.0444,48.5, 34.903, 4.724, 25.857, 6.640, 4.618, 92.36
0,231,2.23,0.00,0,0,49159144.400,133919.1444,48.8, 34.903, 4.724, 34.903, 6.640, 4.028, 92.33
0,232,2.24,0.00,0,0,49159244.400,133919.2444,48.8, 34.903, 7.788, 34.903, 6.640, 6.008, 95.10
0,233,2.25,0.00,0,0,49159344.400,133919.3444,48.8, 34.903, 28.577, 11.618, 3.435, 2.973, 103.29
0,234,2.26,0.00,0,0,49159444.400,133919.4444,49.3, 34.903, 25.857, 9.512, 4.091, 3.036, 98.53
0,235,2.27,0.00,0,0,49159544.400,133919.5444,49.3, 34.903, 23.396, 7.788, 4.305, 3.547, 93.51
0,236,2.28,0.00,0,0,49159644.400,133919.6444,48.8, 34.903, 16.990, 7.788, 4.028, 4.918, 103.54
0,237,2.29,0.00,0,0,49159744.400,133919.7444,48.7, 34.903, 6.376, 2.865, 4.451, 6.316, 129.43
0,238,2.30,0.00,0,0,49159844.400,133919.8444,48.5, 34.903, 6.376, 2.865, 4.919, 6.640, 125.20
0,239,2.31,0.00,0,0,49159944.400,133919.9444,48.4, 34.903, 6.376, 2.865, 6.640, 6.640, 126.43
0,240,2.32,0.00,0,0,49160044.400,133920.0444,48.3, 34.903, 8.607, 2.865, 6.640, 4.451, 114.97
0,241,2.33,0.00,0,0,49160144.800,133920.1448,47.8, 34.903, 11.618, 2.865, 6.640, 4.919, 117.29
0,242,2.34,0.00,0,0,49160244.400,133920.2444,47.9, 34.903, 10.513, 2.865, 6.640, 4.919, 125.52
0,243,2.35,0.00,0,0,49160344.400,133920.3444,48.0, 34.903, 7.788, 2.865, 6.640, 4.919, 120.87
0,244,2.36,0.00,0,0,49160444.400,133920.4444,48.0, 34.903, 23.396, 2.865, 6.640, 6.008, 104.11
0,245,2.37,0.00,0,0,49160544.400,133920.5444,47.6, 23.396, 2.865, 34.903, 6.640, 2.984, 194.24
0,246,2.38,0.00,0,0,49160644.400,133920.6444,47.9, 34.903, 15.683, 2.865, 6.640, 4.919, 123.93
0,247,2.39,0.00,0,0,49160744.400,133920.7444,48.3, 34.903, 6.376, 2.865, 6.640, 6.640, 120.37
0,248,2.40,0.00,0,0,49160844.400,133920.8444,48.3, 34.903, 6.376, 2.865, 6.640, 6.640, 110.00
0,249,2.41,0.00,0,0,49160944.400,133920.9444,48.3, 34.903, 7.788, 3.166, 5.437, 6.640, 108.59
0,250,2.42,0.00,0,0,49161044.400,133921.0444,48.0, 34.903, 7.047, 2.865, 6.640, 6.640, 105.81
0,251,2.43,0.00,0,0,49161144.400,133921.1444,48.8, 34.903, 29.449, 2.865, 6.008, 6.008, 98.56
0,252,2.44,0.00,0,0,49161244.400,133921.2444,48.8, 34.903, 34.903, 2.865, 6.008, 6.008, 90.25
0,253,2.45,0.00,0,0,49161344.400,133921.3444,48.9, 34.903, 34.903, 2.865, 3.636, 3.636, 110.23
0,254,2.46,0.00,0,0,49161444.400,133921.4444,48.2, 34.903, 34.903, 3.166, 3.644, 3.644, 108.76
0,255,2.47,0.00,0,0,49161544.400,133921.5444,48.7, 34.903, 34.903, 2.865, 5.411, 5.411, 98.75
0,256,2.48,0.00,0,0,49161644.400,133921.6444,48.2, 34.903, 34.903, 2.865, 4.919, 4.919, 92.07
0,257,2.49,0.00,0,0,49161744.400,133921.7444,48.6, 34.903, 34.903, 3.867, 3.644, 3.644, 100.85
0,258,2.50,0.00,0,0,49161844.400,133921.8444,49.4, 34.903, 34.903, 4.274, 3.644, 3.644, 109.93
0,259,2.50,0.00,0,0,49161944.400,133921.9444,48.8, 34.903, 34.903, 4.274, 3.644, 3.644, 95.34
0,260,2.51,0.00,0,0,49162044.400,133922.0444,48.8, 34.903, 34.903, 4.724, 3.644, 3.644, 73.68
0,261,2.52,0.00,0,0,49162144.400,133922.1444,48.8, 34.903, 34.903, 5.220, 3.644, 3.644, 77.88
0,262,2.53,0.00,0,0,49162244.400,133922.2444,48.7, 34.903, 34.903, 5.220, 3.644, 3.644, 91.09
0,263,2.54,0.00,0,0,49162344.400,133922.3444,48.9, 34.903, 31.582, 8.441, 3.927, 2.973, 81.94
0,264,2.55,0.00,0,0,49162444.400,133922.4444,48.6, 34.903, 34.903, 7.047, 3.515, 3.515, 73.50
0,265,2.56,0.00,0,0,49162544.400,133922.5444,48.7, 34.903, 34.903, 6.069, 3.630, 3.630, 68.80
0,266,2.57,0.00,0,0,49162644.400,133922.6444,49.0, 34.903, 34.903, 6.830, 3.575, 3.575, 64.26
0,267,2.58,0.00,0,0,49162744.400,133922.7444,48.9, 34.903, 34.903, 4.724, 3.644, 3.644, 73.86
0,268,2.59,0.00,0,0,49162844.400,133922.8444,48.8, 34.903, 34.903, 4.724, 3.644, 3.644, 82.55
0,269,2.60,0.00,0,0,49162944.400,133922.9444,49.2, 34.903, 34.903, 4.274, 3.644, 3.644, 83.01
0,270,2.61,0.00,0,0,49163044.400,133923.0444,48.7, 34.903, 34.903, 4.724, 3.644, 3.644, 77.19
0,271,2.62,0.00,0,0,49163144.400,133923.1444,48.8, 34.903, 34.903, 5.220, 3.644, 3.644, 72.55
0,272,2.63,0.00,0,0,49163244.400,133923.2444,48.3, 34.903, 34.903, 7.047, 3.245, 3.245, 76.10
0,273,2.64,0.00,0,0,49163344.400,133923.3444,48.3, 34.903, 34.903, 5.769, 3.239, 3.239, 86.18
0,274,2.65,0.00,0,0,49163444.400,133923.4444,48.3, 34.903, 34.903, 5.682, 3.534, 3.534, 96.35
0,275,2.66,0.00,0,0,49163544.400,133923.5444,47.9, 34.903, 34.903, 6.802, 3.490, 3.490, 98.55
0,276,2.67,0.00,0,0,49163644.400,133923.6444,47.3, 34.903, 7.788, 28.577, 6.008, 6.009, 99.18
0,277,2.68,0.00,0,0,49163744.400,133923.7444,47.7, 34.903, 31.582, 5.434, 4.319, 3.166, 103.82
0,278,2.69,0.00,0,0,49163844.400,133923.8444,48.2, 34.903, 15.150, 4.724, 4.919, 6.640, 120.13
0,279,2.70,0.00,0,0,49163944.400,133923.9444,48.6, 34.903, 19.155, 9.512, 4.204, 4.054, 106.54
0,280,2.71,0.00,0,0,49164044.400,133924.0444,49.6, 34.903, 25.857, 9.512, 4.023, 3.000, 99.95
0,281,2.72,0.00,0,0,49164144.400,133924.1444,49.5, 34.903, 34.903, 6.722, 3.605, 3.605, 97.75
0,282,2.73,0.00,0,0,49164244.400,133924.2444,49.4, 34.903, 5.769, 25.857, 6.640, 3.715, 80.11
0,283,2.74,0.00,0,0,49164344.400,133924.3444,49.3, 34.903, 34.903, 6.828, 3.824, 3.824, 82.94
0,284,2.75,0.00,0,0,49164444.400,133924.4444,49.4, 34.903, 31.582, 6.376, 4.015, 3.188, 99.31
0,285,2.76,0.00,0,0,49164544.400,133924.5444,49.0, 34.903, 5.220, 34.903, 6.640, 4.451, 104.94
0,286,2.77,0.00,0,0,49164644.400,133924.6444,49.0, 34.903, 6.923, 2.865, 6.639, 6.640, 114.04
0,287,2.78,0.00,0,0,49164744.400,133924.7444,49.0, 34.903, 10.513, 2.865, 6.640, 4.451, 110.17
0,288,2.79,0.00,0,0,49164844.400,133924.8444,46.8, 34.903, 8.607, 2.865, 6.640, 4.451, 110.06
0,289,2.79,0.00,0,0,49164944.400,133924.9444,45.8, 34.903, 8.607, 2.865, 6.640, 4.028, 106.32
0,290,2.80,0.00,0,0,49165044.400,133925.0444,46.7, 34.903, 6.376, 2.865, 6.640, 6.640, 114.79
0,291,2.81,0.00,0,0,49165144.400,133925.1444,46.6, 34.903, 7.047, 2.865, 6.640, 6.640, 114.15
0,292,2.82,0.00,0,0,49165244.400,133925.2444,47.1, 34.903, 8.607, 2.865, 6.640, 4.451, 119.19
0,293,2.83,0.00,0,0,49165344.400,133925.3444,46.7, 34.903, 8.607, 2.865, 6.640, 4.451, 122.14
0,294,2.84,0.00,0,0,49165444.400,133925.4444,46.5, 34.903, 7.788, 2.865, 6.640, 6.008, 110.95
0,295,2.85,0.00,0,0,49165544.400,133925.5444,46.6, 34.903, 9.512, 2.865, 6.640, 4.451, 110.29
0,296,2.86,0.00,0,0,49165644.400,133925.6444,46.4, 34.903, 14.191, 2.865, 6.008, 5.437, 119.40
0,297,2.87,0.00,0,0,49165744.400,133925.7444,46.5, 34.903, 34.903, 2.865, 6.640, 6.640, 107.63
0,298,2.88,0.00,0,0,49165844.400,133925.8444,46.5, 34.903, 34.903, 2.865, 5.437, 5.437, 98.01
0,299,2.89,0.00,0,0,49165944.400,133925.9444,46.5, 34.903, 31.946, 2.865, 6.008, 6.008, 101.54
0,300,2.90,0.00,0,0,49166044.400,133926.0444,46.5, 34.903, 34.903, 2.865, 6.110, 6.110, 102.04
0,301,2.91,0.00,0,0,49166144.400,133926.1444,46.5, 34.903, 34.903, 2.865, 4.072, 3.684, 108.74
0,302,2.92,0.00,0,0,49166244.400,133926.2444,46.6, 34.903, 34.903, 3.499, 3.297, 3.297, 116.33
0,303,2.93,0.00,0,0,49166344.400,133926.3444,46.9, 34.903, 34.903, 2.865, 4.047, 4.047, 109.96
0,304,2.94,0.00,0,0,49166444.400,133926.4444,47.0, 34.903, 34.903, 2.865, 4.146, 4.146, 115.58
0,305,2.95,0.00,0,0,49166544.400,133926.5444,46.6, 34.903, 34.903, 4.724, 3.644, 3.644, 103.38
0,306,2.96,0.00,0,0,49166644.400,133926.6444,46.7, 34.903, 34.903, 3.499, 3.644, 3.644, 104.47
0,307,2.97,0.00,0,0,49166744.400,133926.7444,46.5, 34.903, 34.903, 3.166, 3.644, 3.644, 98.25
0,308,2.98,0.00,0,0,49166844.400,133926.8444,46.7, 34.903, 34.903, 4.274, 3.644, 3.644, 86.48
0,309,2.99,0.00,0,0,49166944.400,133926.9444,46.9, 34.903, 34.903, 5.220, 3.644, 3.644, 91.16
0,310,3.00,0.00,0,0,49167044.400,133927.0444,47.4, 34.903, 34.903, 5.220, 3.620, 3.620, 98.27
0,311,3.01,0.00,0,0,49167144.400,133927.1444,47.8, 34.903, 34.903, 4.724, 3.644, 3.644, 86.78
0,312,3.02,0.00,0,0,49167244.400,133927.2444,47.6, 34.903, 34.903, 4.274, 3.644, 3.644, 82.14
0,313,3.03,0.00,0,0,49167344.400,133927.3444,47.2, 34.903, 34.903, 3.499, 3.644, 3.644, 107.73
0,314,3.04,0.00,0,0,49167444.400,133927.4444,47.3, 34.903, 34.903, 4.274, 3.644, 3.644, 98.14
0,315,3.05,0.00,0,0,49167544.400,133927.5444,47.2, 34.903, 34.903, 5.220, 3.644, 3.644, 73.42
0,316,3.06,0.00,0,0,49167644.400,133927.6444,47.2, 34.903, 34.903, 5.220, 3.644, 3.644, 76.17
0,317,3.07,0.00,0,0,49167744.400,133927.7444,47.1, 34.903, 34.903, 7.047, 3.233, 3.233, 75.65
0,318,3.08,0.00,0,0,49167844.400,133927.8444,47.1, 34.903, 34.903, 5.769, 3.218, 3.218, 71.13
0,319,3.09,0.00,0,0,49167944.400,133927.9444,47.1, 34.903, 34.903, 4.724, 3.297, 3.297, 82.59
0,320,3.09,0.00,0,0,49168044.400,133928.0444,47.0, 34.903, 34.903, 6.156, 2.999, 2.999, 97.55
0,321,3.10,0.00,0,0,49168144.400,133928.1444,46.7, 34.903, 34.903, 7.032, 3.090, 3.090, 92.57
0,322,3.11,0.00,0,0,49168244.400,133928.2444,46.7, 34.903, 34.903, 5.253, 3.297, 3.297, 89.90
0,323,3.12,0.00,0,0,49168344.400,133928.3444,46.4, 34.903, 5.769, 25.857, 6.640, 4.709, 93.92
0,324,3.13,0.00,0,0,49168444.400,133928.4444,46.6, 34.903, 4.724, 34.903, 6.640, 3.644, 89.29
0,325,3.14,0.00,0,0,49168544.400,133928.5444,46.4, 34.903, 19.155, 17.333, 4.028, 1.347, 93.12
0,326,3.15,0.00,0,0,49168644.400,133928.6444,46.2, 34.903, 5.769, 19.155, 5.756, 4.027, 103.02
0,327,3.16,0.00,0,0,49168744.400,133928.7444,46.3, 34.903, 16.952, 5.970, 4.682, 3.830, 102.14
0,328,3.17,0.00,0,0,49168844.400,133928.8444,46.3, 34.903, 7.047, 2.865, 6.640, 6.640, 120.03
0,329,3.18,0.00,0,0,49168944.400,133928.9444,46.5, 34.903, 6.376, 2.865, 6.640, 6.640, 136.01
0,330,3.19,0.00,0,0,49169044.400,133929.0444,46.5, 34.903, 5.769, 2.865, 6.640, 6.640, 132.01
0,331,3.20,0.00,0,0,49169144.400,133929.1444,46.5, 34.903, 9.512, 2.865, 6.640, 4.028, 107.36
0,332,3.21,0.00,0,0,49169244.400,133929.2444,46.6, 34.903, 8.607, 2.865, 6.640, 6.640, 101.71
0,333,3.22,0.00,0,0,49169344.400,133929.3444,46.7, 34.903, 10.093, 12.977, 6.640, 1.395, 95.06
0,334,3.23,0.00,0,0,49169444.400,133929.4444,46.1, 34.903, 17.333, 2.865, 6.640, 4.919, 110.86
0,335,3.24,0.00,0,0,49169544.400,133929.5444,46.7, 34.903, 32.380, 2.865, 6.008, 6.008, 104.51
0,336,3.25,0.00,0,0,49169644.400,133929.6444,46.2, 34.903, 6.376, 2.865, 6.640, 6.640, 117.07
0,337,3.26,0.00,0,0,49169744.400,133929.7444,46.0, 34.903, 19.155, 2.865, 6.640, 5.437, 101.20
0,338,3.27,0.00,0,0,49169844.400,133929.8444,46.6, 34.903, 17.333, 2.865, 6.640, 4.919, 101.17
0,339,3.28,0.00,0,0,49169944.400,133929.9444,46.3, 34.903, 7.047, 2.865, 6.640, 6.640, 121.62
0,340,3.29,0.00,0,0,49170044.400,133930.0444,46.1, 34.903, 15.683, 2.865, 6.640, 4.919, 115.85
0,341,3.30,0.00,0,0,49170144.400,133930.1444,46.4, 34.903, 34.903, 2.865, 6.640, 6.640, 102.21
0,342,3.31,0.00,0,0,49170244.400,133930.2444,46.5, 34.903, 34.903, 2.865, 5.740, 5.740, 103.79
0,343,3.32,0.00,0,0,49170344.400,133930.3444,46.6, 34.903, 34.903, 2.865, 4.417, 4.417, 107.60
0,344,3.33,0.00,0,0,49170444.400,133930.4444,46.8, 34.903, 34.903, 2.865, 5.138, 5.138, 106.00
0,345,3.34,0.00,0,0,49170544.400,133930.5444,46.6, 34.903, 34.903, 2.865, 5.863, 5.863, 107.45
0,346,3.35,0.00,0,0,49170644.400,133930.6444,46.8, 34.903, 34.903, 2.865, 4.362, 4.362, 105.08
0,347,3.36,0.00,0,0,49170744.400,133930.7444,46.6, 34.593, 34.903, 2.865, 4.018, 4.018, 94.19
0,348,3.37,0.00,0,0,49170844.400,133930.8444,46.5, 34.903, 34.903, 2.865, 6.640, 6.640, 98.95
0,349,3.38,0.00,0,0,49170944.400,133930.9444,46.2, 34.903, 6.376, 2.865, 4.028, 6.640, 150.59
0,350,3.38,0.00,0,0,49171044.400,133931.0444,46.4, 34.903, 25.857, 2.865, 4.451, 6.640, 114.63
0,351,3.39,0.00,0,0,49171144.400,133931.1444,47.2, 34.903, 17.333, 2.865, 6.640, 4.919, 106.31
0,352,3.40,0.00,0,0,49171244.400,133931.2444,46.6, 34.903, 10.513, 2.865, 6.640, 4.919, 110.70
0,353,3.41,0.00,0,0,49171344.400,133931.3444,46.2, 34.903, 34.903, 4.724, 3.297, 3.297, 92.07
0,354,3.42,0.00,0,0,49171444.400,133931.4444,46.8, 34.903, 34.903, 3.867, 2.984, 2.984, 112.41
0,355,3.43,0.00,0,0,49171544.400,133931.5444,46.9, 34.903, 34.903, 2.865, 3.895, 3.895, 108.82
0,356,3.44,0.00,0,0,49171644.400,133931.6444,47.1, 34.903, 34.903, 4.274, 3.297, 3.297, 101.94
0,357,3.45,0.00,0,0,49171744.400,133931.7444,47.2, 34.903, 34.903, 2.865, 4.298, 4.298, 101.75
0,358,3.46,0.00,0,0,49171844.400,133931.8444,47.1, 34.903, 33.000, 2.865, 6.008, 6.008, 99.01
0,359,3.47,0.00,0,0,49171944.400,133931.9444,47.3, 34.903, 34.903, 4.724, 3.644, 3.644, 94.64
0,360,3.48,0.00,0,0,49172044.400,133932.0444,47.4, 34.903, 34.903, 4.274, 3.644, 3.644, 93.62
0,361,3.49,0.00,0,0,49172144.400,133932.1444,47.2, 34.903, 34.903, 2.865, 4.615, 4.615, 101.46
0,362,3.50,0.00,0,0,49172244.400,133932.2444,47.2, 34.903, 25.621, 4.933, 6.008, 1.347, 112.93
0,363,3.51,0.00,0,0,49172344.400,133932.3444,47.2, 34.903, 34.903, 4.724, 3.644, 3.644, 99.70
0,364,3.52,0.00,0,0,49172444.400,133932.4444,47.7, 34.903, 34.903, 5.220, 3.644, 3.644, 98.73
0,365,3.53,0.00,0,0,49172544.400,133932.5444,47.9, 34.903, 34.903, 4.724, 4.028, 4.028, 93.43
0,366,3.54,0.00,0,0,49172644.400,133932.6444,47.5, 34.903, 34.903, 4.274, 3.644, 3.644, 86.91
0,367,3.55,0.00,0,0,49172744.400,133932.7444,47.9, 34.903, 34.903, 4.724, 3.297, 3.297, 93.45
0,368,3.56,0.00,0,0,49172844.400,133932.8444,47.5, 34.903, 34.903, 4.274, 3.297, 3.297, 107.36
0,369,3.57,0.00,0,0,49172944.500,133932.9445,45.3, 34.903, 34.903, 3.867, 3.644, 3.644, 100.71
0,370,3.58,0.00,0,0,49173044.400,133933.0444,45.0, 34.903, 34.903, 4.157, 3.644, 3.644, 97.69
0,371,3.59,0.00,0,0,49173144.500,133933.1445,44.7, 34.903, 34.903, 3.867, 3.297, 3.297, 114.70
0,372,3.60,0.00,0,0,49173244.400,133933.2444,44.8, 34.903, 8.196, 3.976, 6.008, 1.273, 127.52
0,373,3.61,0.00,0,0,49173344.500,133933.3445,45.0, 34.903, 5.769, 15.683, 6.008, 4.014, 106.52
0,374,3.62,0.00,0,0,49173444.400,133933.4444,45.4, 34.903, 31.582, 7.657, 4.028, 2.974, 95.07
0,375,3.63,0.00,0,0,49173544.500,133933.5445,45.1, 34.903, 34.903, 2.865, 4.451, 4.451, 119.63
0,376,3.64,0.00,0,0,49173644.400,133933.6444,45.3, 34.903, 34.903, 3.932, 3.644, 3.644, 108.02
0,377,3.65,0.00,0,0,49173744.500,133933.7445,44.9, 34.903, 34.903, 4.186, 3.297, 3.297, 104.81
0,378,3.66,0.00,0,0,49173844.500,133933.8445,44.5, 34.903, 34.903, 4.724, 3.281, 3.281, 102.67
0,379,3.67,0.00,0,0,49173944.500,133933.9445,44.8, 28.577, 3.867, 19.155, 6.640, 5.173, 163.77
0,380,3.68,0.00,0,0,49174044.500,133934.0445,44.7, 34.903, 34.903, 2.865, 4.335, 4.335, 111.94
0,381,3.68,0.00,0,0,49174144.500,133934.1445,44.9, 34.903, 10.513, 14.191, 6.640, 3.188, 106.31
0,382,3.69,0.00,0,0,49174244.500,133934.2445,45.0, 34.903, 28.577, 7.788, 4.028, 3.247, 109.49
0,383,3.70,0.00,0,0,49174344.500,133934.3445,44.6, 34.903, 19.155, 2.865, 6.582, 2.935, 101.55
0,384,3.71,0.00,0,0,49174444.500,133934.4445,44.5, 34.903, 23.667, 7.788, 6.069, 1.380, 101.12
0,385,3.72,0.00,0,0,49174544.500,133934.5445,44.6, 34.903, 34.903, 2.865, 4.391, 4.391, 102.68
0,386,3.73,0.00,0,0,49174644.500,133934.6445,45.1, 34.903, 7.927, 2.865, 6.640, 4.451, 114.27
0,387,3.74,0.00,0,0,49174744.500,133934.7445,47.1, 34.903, 25.397, 3.166, 6.480, 2.805, 102.74
0,388,3.75,0.00,0,0,49174844.500,133934.8445,46.5, 34.903, 3.499, 5.769, 6.640, 1.558, 120.85
0,389,3.76,0.00,0,0,49174944.500,133934.9445,45.2, 34.903, 34.903, 2.865, 4.541, 4.541, 100.84
0,390,3.77,0.00,0,0,49175044.500,133935.0445,45.0, 34.903, 25.857, 2.865, 4.919, 6.640, 104.33
0,391,3.78,0.00,0,0,49175144.500,133935.1445,45.4, 34.903, 8.607, 2.865, 6.640, 4.451, 116.13
0,392,3.79,0.00,0,0,49175244.500,133935.2445,45.3, 34.903, 17.333, 2.865, 6.640, 4.919, 112.03
0,393,3.80,0.00,0,0,49175344.500,133935.3445,45.3, 34.903, 31.582, 2.865, 6.008, 6.008, 104.10
0,394,3.81,0.00,0,0,49175444.500,133935.4445,45.5, 34.903, 34.903, 2.865, 5.437, 5.437, 107.63
0,395,3.82,0.00,0,0,49175544.500,133935.5445,44.9, 34.903, 15.683, 2.865, 6.640, 5.437, 106.96
0,396,3.83,0.00,0,0,49175644.500,133935.6445,44.2, 34.903, 9.512, 2.865, 6.640, 4.451, 111.94
0,397,3.84,0.00,0,0,49175744.500,133935.7445,44.2, 34.903, 25.576, 2.865, 6.640, 5.437, 103.08
0,398,3.85,0.00,0,0,49175844.500,133935.8445,44.2, 34.903, 10.513, 2.865, 6.640, 4.451, 107.70
0,399,3.86,0.00,0,0,49175944.500,133935.9445,44.5, 34.903, 5.769, 2.865, 6.640, 6.640, 118.79
0,400,3.87,0.00,0,0,49176044.500,133936.0445,44.5, 34.903, 7.788, 2.865, 6.640, 6.640, 117.47
0,401,3.88,0.00,0,0,49176144.500,133936.1445,44.5, 34.903, 34.903, 2.865, 6.640, 6.640, 103.56
0,402,3.89,0.00,0,0,49176244.500,133936.2445,44.8, 34.903, 34.903, 2.865, 5.970, 5.970, 100.23
0,403,3.90,0.00,0,0,49176344.500,133936.3445,45.1, 34.903, 19.155, 2.865, 6.640, 5.437, 103.71
0,404,3.91,0.00,0,0,49176444.500,133936.4445,45.0, 34.903, 34.903, 2.865, 6.640, 6.640, 97.02
0,405,3.92,0.00,0,0,49176544.500,133936.5445,45.3, 34.903, 8.607, 2.865, 6.640, 4.028, 108.66
0,406,3.93,0.00,0,0,49176644.500,133936.6445,45.0, 34.903, 7.788, 2.865, 6.640, 4.919, 117.71
0,407,3.94,0.00,0,0,49176744.500,133936.7445,45.0, 34.903, 34.903, 2.865, 5.253, 5.253, 109.88
0,408,3.95,0.00,0,0,49176844.500,133936.8445,45.2, 34.903, 34.903, 2.865, 5.170, 5.170, 108.81
0,409,3.96,0.00,0,0,49176944.500,133936.9445,45.0, 34.903, 34.903, 4.274, 3.297, 3.297, 128.06
0,410,3.97,0.00,0,0,49177044.500,133937.0445,45.4, 34.903, 34.903, 2.865, 4.028, 4.028, 124.17
0,411,3.97,0.00,0,0,49177144.500,133937.1445,45.1, 34.903, 34.903, 2.865, 5.007, 5.007, 104.07
0,412,3.98,0.00,0,0,49177244.500,133937.2445,44.9, 34.903, 34.903, 2.865, 5.687, 5.687, 89.97
0,413,3.99,0.00,0,0,49177344.500,133937.3445,45.1, 34.903, 34.903, 2.865, 5.118, 5.118, 90.39
0,414,4.00,0.00,0,0,49177444.500,133937.4445,44.9, 34.903, 34.903, 2.865, 3.910, 3.910, 96.77
0,415,4.01,0.00,0,0,49177544.500,133937.5445,45.3, 34.903, 34.903, 2.865, 4.050, 4.050, 99.76
0,416,4.02,0.00,0,0,49177644.500,133937.6445,45.1, 34.903, 34.903, 3.867, 3.297, 3.297, 105.09
0,417,4.03,0.00,0,0,49177744.500,133937.7445,44.7, 34.903, 34.903, 3.499, 3.297, 3.297, 119.50
0,418,4.04,0.00,0,0,49177844.500,133937.8445,44.3, 34.903, 34.903, 3.534, 3.297, 3.297, 113.54
0,419,4.05,0.00,0,0,49177944.500,133937.9445,44.6, 34.903, 34.903, 4.724, 3.644, 3.644, 91.63
0,420,4.06,0.00,0,0,49178044.500,133938.0445,44.4, 34.903, 34.903, 4.724, 4.028, 4.028, 103.38
0,421,4.07,0.00,0,0,49178144.500,133938.1445,44.3, 34.903, 34.903, 3.499, 3.644, 3.644, 119.59
0,422,4.08,0.00,0,0,49178244.500,133938.2445,43.9, 34.903, 34.903, 5.220, 4.028, 4.028, 78.88
0,423,4.09,0.00,0,0,49178344.500,133938.3445,44.6, 34.903, 34.903, 5.220, 3.642, 3.642, 83.33
0,424,4.10,0.00,0,0,49178444.500,133938.4445,44.3, 34.903, 34.903, 2.865, 4.275, 4.275, 108.99
0,425,4.11,0.00,0,0,49178544.500,133938.5445,44.2, 34.903, 34.903, 3.867, 3.297, 3.297, 112.49
0,426,4.12,0.00,0,0,49178644.500,133938.6445,44.6, 34.903, 34.903, 7.712, 3.275, 3.275, 89.29
0,427,4.13,0.00,0,0,49178744.500,133938.7445,44.3, 34.903, 34.903, 5.220, 3.297, 3.297, 117.97
0,428,4.14,0.00,0,0,49178844.500,133938.8445,44.6, 34.903, 34.903, 5.220, 3.297, 3.297, 117.50
0,429,4.15,0.00,0,0,49178944.500,133938.9445,44.6, 34.903, 34.903, 5.852, 3.644, 3.644, 92.07
0,430,4.16,0.00,0,0,49179044.500,133939.0445,44.2, 34.903, 34.903, 5.769, 3.644, 3.644, 95.63
0,431,4.17,0.00,0,0,49179144.500,133939.1445,44.7, 34.903, 34.903, 4.724, 3.644, 3.644, 93.87
0,432,4.18,0.00,0,0,49179244.500,133939.2445,44.6, 34.903, 34.903, 4.724, 3.644, 3.644, 86.07
0,433,4.19,0.00,0,0,49179344.500,133939.3445,44.5, 34.903, 34.903, 4.724, 3.644, 3.644, 84.91
0,434,4.20,0.00,0,0,49179444.500,133939.4445,44.9, 34.903, 34.903, 5.220, 3.644, 3.644, 89.67
0,435,4.21,0.00,0,0,49179544.500,133939.5445,44.7, 34.903, 34.903, 5.769, 3.286, 3.286, 92.04
0,436,4.22,0.00,0,0,49179644.500,133939.6445,44.5, 34.903, 34.903, 5.448, 3.644, 3.644, 78.27
0,437,4.23,0.00,0,0,49179744.500,133939.7445,44.7, 34.903, 34.903, 6.814, 3.628, 3.628, 73.32
0,438,4.24,0.00,0,0,49179844.500,133939.8445,44.7, 34.903, 34.903, 6.707, 3.552, 3.552, 77.30
0,439,4.25,0.00,0,0,49179944.500,133939.9445,44.8, 34.903, 34.903, 6.376, 3.214, 3.214, 82.57
0,440,4.26,0.00,0,0,49180044.500,133940.0445,45.1, 34.903, 5.769, 28.577, 6.640, 4.919, 92.75
0,441,4.26,0.00,0,0,49180144.500,133940.1445,45.0, 34.903, 31.434, 7.047, 3.644, 2.904, 101.88
0,442,4.27,0.00,0,0,49180244.500,133940.2445,45.0, 34.903, 5.220, 11.015, 6.640, 1.751, 116.95
0,443,4.28,0.00,0,0,49180344.500,133940.3445,44.6, 34.903, 21.170, 5.220, 4.289, 2.980, 105.86
0,444,4.29,0.00,0,0,49180444.500,133940.4445,44.3, 34.903, 13.678, 7.047, 3.097, 4.649, 140.43
0,445,4.30,0.00,0,0,49180544.500,133940.5445,44.5, 34.903, 8.607, 2.865, 6.640, 6.640, 135.82
0,446,4.31,0.00,0,0,49180644.500,133940.6445,44.2, 34.903, 34.903, 2.865, 6.039, 6.039, 104.87
0,447,4.32,0.00,0,0,49180744.500,133940.7445,44.4, 34.903, 34.903, 5.220, 3.297, 3.297, 107.21
0,448,4.33,0.00,0,0,49180844.500,133940.8445,44.6, 34.903, 34.903, 5.220, 3.644, 3.644, 113.23
0,449,4.34,0.00,0,0,49180944.500,133940.9445,44.2, 34.903, 8.607, 2.865, 6.640, 6.008, 119.10
0,450,4.35,0.00,0,0,49181044.500,133941.0445,44.1, 34.903, 10.513, 2.865, 6.640, 4.451, 116.87
0,451,4.36,0.00,0,0,49181144.500,133941.1445,44.5, 34.903, 34.903, 2.865, 5.356, 5.356, 105.22
0,452,4.37,0.00,0,0,49181244.500,133941.2445,44.7, 34.903, 12.840, 2.865, 6.640, 6.008, 98.54
0,453,4.38,0.00,0,0,49181344.500,133941.3445,44.8, 34.903, 6.376, 2.865, 6.640, 6.640, 109.12
0,454,4.39,0.00,0,0,49181444.500,133941.4445,44.6, 34.903, 23.978, 2.865, 6.640, 4.919, 100.53
0,455,4.40,0.00,0,0,49181544.500,133941.5445,44.6, 34.903, 14.191, 2.865, 6.640, 4.451, 93.83
0,456,4.41,0.00,0,0,49181644.500,133941.6445,44.3, 34.903, 7.047, 2.865, 6.640, 6.640, 102.62
0,457,4.42,0.00,0,0,49181744.500,133941.7445,44.3, 34.903, 7.499, 2.865, 6.008, 6.640, 108.53
0,458,4.43,0.00,0,0,49181844.500,133941.8445,44.6, 34.903, 9.512, 2.865, 4.028, 6.640, 129.69
0,459,4.44,0.00,0,0,49181944.500,133941.9445,44.1, 34.903, 6.376, 2.865, 6.640, 5.437, 112.79
0,460,4.45,0.00,0,0,49182044.500,133942.0445,44.2, 34.903, 8.607, 2.865, 6.640, 4.451, 102.32
0,461,4.46,0.00,0,0,49182144.500,133942.1445,44.4, 34.903, 11.618, 2.865, 6.640, 4.451, 99.41
0,462,4.47,0.00,0,0,49182244.500,133942.2445,43.7, 34.903, 34.903, 2.865, 6.640, 6.640, 105.47
0,463,4.48,0.00,0,0,49182344.500,133942.3445,44.3, 34.903, 34.903, 2.865, 5.987, 5.987, 110.04
0,464,4.49,0.00,0,0,49182444.500,133942.4445,43.9, 34.903, 34.903, 2.865, 6.640, 6.640, 105.73
0,465,4.50,0.00,0,0,49182544.500,133942.5445,43.9, 34.903, 34.903, 2.865, 6.438, 6.438, 98.18
0,466,4.51,0.00,0,0,49182644.500,133942.6445,44.3, 33.391, 34.903, 2.865, 4.027, 4.577, 107.01
0,467,4.52,0.00,0,0,49182744.500,133942.7445,43.9, 34.903, 34.903, 2.865, 5.215, 5.215, 94.15
0,468,4.53,0.00,0,0,49182844.500,133942.8445,43.8, 34.903, 9.512, 2.865, 6.640, 4.451, 97.85
0,469,4.54,0.00,0,0,49182944.500,133942.9445,44.4, 34.903, 34.903, 2.865, 6.640, 6.640, 91.03
0,470,4.55,0.00,0,0,49183044.500,133943.0445,44.3, 33.944, 34.903, 2.865, 3.953, 4.087, 112.17
0,471,4.56,0.00,0,0,49183144.500,133943.1445,44.7, 34.903, 34.903, 2.865, 3.581, 3.581, 113.08
0,472,4.56,0.00,0,0,49183244.500,133943.2445,44.8, 34.903, 34.903, 3.459, 3.297, 3.297, 116.04
0,473,4.57,0.00,0,0,49183344.500,133943.3445,44.6, 34.903, 34.903, 2.865, 4.028, 4.028, 105.21
0,474,4.58,0.00,0,0,49183444.500,133943.4445,45.0, 34.903, 34.903, 2.865, 4.621, 4.621, 99.56
0,475,4.59,0.00,0,0,49183544.500,133943.5445,45.3, 34.903, 7.788, 2.865, 3.297, 6.640, 145.66
0,476,4.60,0.00,0,0,49183644.500,133943.6445,44.8, 34.903, 34.903, 4.231, 3.644, 3.644, 105.30
0,477,4.61,0.00,0,0,49183744.500,133943.7445,44.6, 34.903, 34.903, 4.274, 3.644, 3.644, 80.58
0,478,4.62,0.00,0,0,49183844.500,133943.8445,44.3, 34.903, 34.903, 4.724, 3.644, 3.644, 85.44
0,479,4.63,0.00,0,0,49183944.500,133943.9445,44.5, 34.903, 34.903, 3.877, 4.028, 4.028, 92.54
0,480,4.64,0.00,0,0,49184044.500,133944.0445,44.2, 34.903, 34.903, 4.274, 3.644, 3.644, 80.13
0,481,4.65,0.00,0,0,49184144.500,133944.1445,43.2, 34.903, 34.903, 4.274, 3.644, 3.644, 74.98
0,482,4.66,0.00,0,0,49184244.500,133944.2445,43.3, 34.903, 34.903, 3.867, 3.297, 3.297, 88.64
0,483,4.67,0.00,0,0,49184344.500,133944.3445,43.4, 34.903, 34.903, 3.867, 3.297, 3.297, 84.25
0,484,4.68,0.00,0,0,49184444.500,133944.4445,43.7, 34.903, 34.903, 4.274, 3.644, 3.644, 75.69
0,485,4.69,0.00,0,0,49184544.500,133944.5445,43.7, 34.903, 34.903, 5.220, 3.644, 3.644, 86.34
0,486,4.70,0.00,0,0,49184644.500,133944.6445,43.9, 34.903, 34.903, 5.220, 3.297, 3.297, 104.63
0,487,4.71,0.00,0,0,49184744.500,133944.7445,44.3, 34.903, 34.903, 5.769, 3.245, 3.245, 118.17
0,488,4.72,0.00,0,0,49184844.500,133944.8445,44.1, 34.903, 34.903, 5.769, 3.644, 3.644, 99.80
0,489,4.73,0.00,0,0,49184944.500,133944.9445,44.2, 34.903, 34.903, 5.220, 3.644, 3.644, 97.41
0,490,4.74,0.00,0,0,49185044.500,133945.0445,44.3, 34.903, 34.903, 4.724, 3.644, 3.644, 105.00
0,491,4.75,0.00,0,0,49185144.500,133945.1445,44.1, 34.903, 34.903, 5.220, 3.297, 3.297, 104.07
0,492,4.76,0.00,0,0,49185244.500,133945.2445,43.9, 34.903, 5.769, 23.396, 5.437, 4.451, 108.12
0,493,4.77,0.00,0,0,49185344.500,133945.3445,44.5, 34.903, 7.515, 7.788, 6.640, 1.168, 95.13
0,494,4.78,0.00,0,0,49185444.500,133945.4445,44.4, 34.903, 34.903, 4.280, 3.297, 3.297, 104.09
0,495,4.79,0.00,0,0,49185544.500,133945.5445,44.6, 34.903, 34.903, 5.386, 3.644, 3.644, 90.23
0,496,4.80,0.00,0,0,49185644.500,133945.6445,44.3, 34.903, 34.903, 5.220, 3.644, 3.644, 94.35
0,497,4.81,0.00,0,0,49185744.500,133945.7445,44.4, 34.903, 31.582, 9.512, 4.571, 2.184, 99.67
0,498,4.82,0.00,0,0,49185844.500,133945.8445,44.6, 34.903, 7.788, 34.903, 6.640, 6.008, 99.20
0,499,4.83,0.00,0,0,49185944.500,133945.9445,44.5, 34.903, 9.512, 34.903, 6.640, 6.640, 111.72
0,500,4.84,0.00,0,0,49186044.500,133946.0445,44.6, 34.903, 7.788, 31.582, 6.008, 6.008, 101.53
0,501,4.85,0.00,0,0,49186144.500,133946.1445,44.5, 34.903, 7.047, 34.903, 6.640, 5.437, 100.24
0,502,4.85,0.00,0,0,49186244.500,133946.2445,44.1, 34.903, 8.607, 11.618, 6.008, 1.818, 104.39
0,503,4.86,0.00,0,0,49186344.500,133946.3445,44.1, 34.903, 28.576, 9.512, 4.116, 2.276, 89.18
0,504,4.87,0.00,0,0,49186444.500,133946.4445,44.3, 34.903, 7.788, 28.577, 6.008, 6.009, 83.34
0,505,4.88,0.00,0,0,49186544.500,133946.5445,44.4, 34.903, 5.220, 21.680, 6.640, 4.409, 92.73
0,506,4.89,0.00,0,0,49186644.500,133946.6445,44.4, 34.903, 14.191, 3.766, 4.919, 6.543, 103.73
0,507,4.90,0.00,0,0,49186744.500,133946.7445,44.6, 34.903, 10.513, 3.166, 4.028, 6.640, 120.75
0,508,4.91,0.00,0,0,49186844.500,133946.8445,44.8, 34.903, 16.601, 6.376, 4.396, 5.420, 95.02
0,509,4.92,0.00,0,0,49186944.500,133946.9445,44.9, 34.903, 21.170, 4.881, 6.615, 2.370, 87.04
0,510,4.93,0.00,0,0,49187044.500,133947.0445,44.7, 34.903, 15.683, 2.865, 6.640, 4.451, 98.05
0,511,4.94,0.00,0,0,49187144.500,133947.1445,44.9, 34.903, 34.903, 2.865, 5.437, 5.437, 100.98
0,512,4.95,0.00,0,0,49187244.500,133947.2445,45.1, 34.903, 9.705, 2.865, 6.640, 4.919, 119.29
0,513,4.96,0.00,0,0,49187344.500,133947.3445,44.9, 34.903, 5.769, 2.865, 5.437, 6.640, 125.78
0,514,4.97,0.00,0,0,49187444.500,133947.4445,44.7, 34.903, 5.769, 2.865, 6.008, 6.640, 118.09
0,515,4.98,0.00,0,0,49187544.500,133947.5445,44.8, 34.903, 34.903, 2.865, 6.640, 6.640, 99.85
0,516,4.99,0.00,0,0,49187644.500,133947.6445,45.0, 34.903, 23.988, 2.865, 6.640, 5.437, 101.02
0,517,5.00,0.00,0,0,49187744.500,133947.7445,44.6, 34.903, 10.513, 2.865, 6.132, 4.919, 112.68
0,518,5.01,0.00,0,0,49187844.500,133947.8445,44.5, 34.903, 34.903, 2.865, 6.640, 6.640, 95.48
0,519,5.02,0.00,0,0,49187944.500,133947.9445,44.8, 34.903, 8.607, 2.865, 6.640, 4.028, 104.81
0,520,5.03,0.00,0,0,49188044.500,133948.0445,44.6, 34.903, 7.047, 2.865, 6.640, 6.640, 117.39
0,521,5.04,0.00,0,0,49188144.500,133948.1445,45.0, 34.903, 7.788, 2.865, 6.640, 6.008, 126.04
0,522,5.05,0.00,0,0,49188244.500,133948.2445,45.1, 34.903, 34.903, 2.865, 6.640, 6.640, 105.88
0,523,5.06,0.00,0,0,49188344.500,133948.3445,44.8, 34.903, 34.903, 2.865, 5.348, 5.348, 102.54
0,524,5.07,0.00,0,0,49188444.500,133948.4445,44.8, 34.903, 34.903, 2.865, 3.866, 3.866, 116.86
0,525,5.08,0.00,0,0,49188544.500,133948.5445,44.8, 34.903, 7.828, 2.865, 6.446, 6.008, 111.31
0,526,5.09,0.00,0,0,49188644.500,133948.6445,44.6, 34.903, 7.047, 2.865, 6.640, 6.640, 112.81
0,527,5.10,0.00,0,0,49188744.500,133948.7445,45.0, 34.903, 34.903, 2.865, 4.028, 4.028, 112.94
0,528,5.11,0.00,0,0,49188844.500,133948.8445,44.7, 34.903, 34.903, 2.865, 6.008, 6.008, 99.59
0,529,5.12,0.00,0,0,49188944.500,133948.9445,44.7, 34.903, 6.376, 2.865, 4.451, 6.640, 133.22
0,530,5.13,0.00,0,0,49189044.500,133949.0445,44.9, 34.903, 34.903, 2.865, 5.437, 5.437, 103.57
0,531,5.14,0.00,0,0,49189144.500,133949.1445,44.9, 34.903, 34.903, 2.865, 4.451, 4.451, 111.54
0,532,5.15,0.00,0,0,49189244.500,133949.2445,45.3, 34.903, 34.903, 2.865, 4.254, 4.254, 111.39
0,533,5.15,0.00,0,0,49189344.500,133949.3445,45.5, 34.903, 34.903, 2.865, 3.846, 3.846, 114.96
0,534,5.16,0.00,0,0,49189444.500,133949.4445,45.4, 34.903, 34.903, 3.867, 3.297, 3.297, 119.02
0,535,5.17,0.00,0,0,49189544.500,133949.5445,45.9, 34.903, 34.903, 3.867, 2.984, 2.984, 122.55
0,536,5.18,0.00,0,0,49189644.500,133949.6445,47.2, 34.903, 34.903, 3.166, 3.644, 3.644, 94.66
0,537,5.19,0.00,0,0,49189744.500,133949.7445,47.3, 34.903, 34.903, 3.499, 3.644, 3.644, 97.23
0,538,5.20,0.00,0,0,49189844.500,133949.8445,47.4, 34.903, 34.903, 4.471, 3.120, 3.120, 116.04
0,539,5.21,0.00,0,0,49189944.500,133949.9445,47.2, 34.903, 34.903, 4.724, 3.297, 3.297, 104.52
0,540,5.22,0.00,0,0,49190044.500,133950.0445,47.4, 34.903, 34.903, 6.961, 3.618, 3.618, 75.33
0,541,5.23,0.00,0,0,49190144.600,133950.1446,47.1, 34.903, 34.903, 6.376, 3.297, 3.297, 74.21
0,542,5.24,0.00,0,0,49190244.500,133950.2445,47.2, 34.903, 34.903, 5.220, 3.297, 3.297, 75.08
0,543,5.25,0.00,0,0,49190344.600,133950.3446,47.3, 34.903, 34.903, 7.449, 3.593, 3.593, 66.94
0,544,5.26,0.00,0,0,49190444.600,133950.4446,47.2, 34.903, 34.903, 7.181, 3.636, 3.636, 83.34
0,545,5.27,0.00,0,0,49190544.600,133950.5446,47.7, 34.903, 34.903, 5.769, 3.644, 3.644, 88.20
0,546,5.28,0.00,0,0,49190644.600,133950.6446,47.6, 34.903, 34.903, 4.724, 3.644, 3.644, 87.87
0,547,5.29,0.00,0,0,49190744.600,133950.7446,47.1, 34.903, 34.903, 4.558, 3.644, 3.644, 105.47
0,548,5.30,0.00,0,0,49190844.600,133950.8446,47.2, 34.903, 34.903, 5.220, 3.217, 3.217, 120.68
0,549,5.31,0.00,0,0,49190944.600,133950.9446,47.1, 34.903, 7.788, 25.857, 6.640, 5.715, 95.52
0,550,5.32,0.00,0,0,49191044.600,133951.0446,47.4, 34.903, 7.788, 34.903, 6.640, 5.437, 100.78
0,551,5.33,0.00,0,0,49191144.600,133951.1446,47.8, 34.903, 15.490, 11.862, 4.049, 2.911, 107.55
0,552,5.34,0.00,0,0,49191244.600,133951.2446,47.5, 34.903, 34.903, 6.438, 4.028, 4.028, 87.49
0,553,5.35,0.00,0,0,49191344.600,133951.3446,47.5, 34.903, 34.903, 4.724, 3.644, 3.644, 98.08
0,554,5.36,0.00,0,0,49191444.600,133951.4446,47.3, 34.903, 11.190, 10.513, 5.437, 1.737, 92.30
0,555,5.37,0.00,0,0,49191544.600,133951.5446,47.2, 34.903, 2.865, 34.903, 6.640, 2.443, 82.53
0,556,5.38,0.00,0,0,49191644.600,133951.6446,47.6, 34.903, 6.376, 25.857, 6.640, 5.715, 87.23
0,557,5.39,0.00,0,0,49191744.600,133951.7446,47.2, 34.903, 5.769, 25.857, 6.640, 5.715, 112.84
0,558,5.40,0.00,0,0,49191844.600,133951.8446,46.7, 34.903, 8.607, 34.903, 6.640, 6.640, 98.46
0,559,5.41,0.00,0,0,49191944.600,133951.9446,47.3, 34.903, 5.769, 34.903, 6.640, 4.765, 92.84
0,560,5.42,0.00,0,0,49192044.600,133952.0446,47.3, 34.903, 34.903, 3.867, 4.028, 4.028, 106.38
0,561,5.43,0.00,0,0,49192144.600,133952.1446,47.1, 34.903, 6.376, 2.865, 6.640, 6.640, 121.37
0,562,5.44,0.00,0,0,49192244.600,133952.2446,46.8, 34.903, 25.777, 7.047, 5.269, 1.591, 107.04
0,563,5.44,0.00,0,0,49192344.600,133952.3446,47.5, 34.903, 7.047, 2.865, 6.008, 6.640, 119.15
0,564,5.45,0.00,0,0,49192444.600,133952.4446,47.1, 34.903, 6.376, 2.865, 6.640, 6.640, 111.29
0,565,5.46,0.00,0,0,49192544.600,133952.5446,47.1, 34.903, 9.512, 2.865, 6.640, 4.919, 118.06
0,566,5.47,0.00,0,0,49192644.600,133952.6446,47.2, 34.903, 34.903, 2.865, 6.640, 6.640, 113.05
0,567,5.48,0.00,0,0,49192744.600,133952.7446,47.3, 34.903, 34.903, 2.865, 6.640, 6.640, 105.46
0,568,5.49,0.00,0,0,49192844.600,133952.8446,47.5, 34.903, 34.903, 2.865, 5.885, 5.885, 95.38
0,569,5.50,0.00,0,0,49192944.600,133952.9446,47.6, 34.903, 34.903, 2.865, 6.640, 6.640, 95.62
0,570,5.51,0.00,0,0,49193044.600,133953.0446,47.4, 34.903, 15.683, 2.865, 6.640, 4.451, 105.42
0,571,5.52,0.00,0,0,49193144.600,133953.1446,47.1, 34.903, 9.512, 2.865, 6.640, 4.028, 119.91
0,572,5.53,0.00,0,0,49193244.600,133953.2446,47.3, 34.903, 6.376, 2.865, 6.640, 6.640, 129.13
0,573,5.54,0.00,0,0,49193344.600,133953.3446,47.1, 34.903, 34.903, 2.865, 5.437, 5.437, 121.24
0,574,5.55,0.00,0,0,49193444.600,133953.4446,47.3, 34.903, 34.903, 2.865, 6.008, 6.008, 108.18
0,575,5.56,0.00,0,0,49193544.600,133953.5446,47.1, 34.903, 34.903, 2.865, 6.640, 6.640, 99.35
0,576,5.57,0.00,0,0,49193644.600,133953.6446,47.1, 34.903, 7.932, 2.865, 6.640, 6.640, 112.51
0,577,5.58,0.00,0,0,49193744.600,133953.7446,47.3, 34.903, 8.166, 2.865, 6.640, 6.008, 113.70
0,578,5.59,0.00,0,0,49193844.600,133953.8446,46.9, 34.903, 8.607, 2.865, 6.640, 4.451, 107.41
0,579,5.60,0.00,0,0,49193944.600,133953.9446,46.4, 34.903, 8.607, 2.865, 6.640, 4.451, 107.96
0,580,5.61,0.00,0,0,49194044.600,133954.0446,45.8, 34.903, 34.903, 2.865, 6.640, 6.640, 105.77
0,581,5.62,0.00,0,0,49194144.600,133954.1446,46.2, 34.903, 34.903, 2.865, 3.924, 3.924, 115.04
0,582,5.63,0.00,0,0,49194244.600,133954.2446,46.4, 34.903, 34.903, 2.865, 4.028, 4.028, 107.00
0,583,5.64,0.00,0,0,49194344.600,133954.3446,45.9, 34.903, 34.903, 2.865, 6.008, 6.008, 107.46
0,584,5.65,0.00,0,0,49194444.600,133954.4446,46.3, 34.903, 34.903, 3.166, 3.644, 3.644, 114.44
0,585,5.66,0.00,0,0,49194544.600,133954.5446,46.1, 34.903, 34.903, 2.865, 4.028, 4.028, 117.64
0,586,5.67,0.00,0,0,49194644.600,133954.6446,46.1, 34.903, 34.903, 3.696, 3.297, 3.297, 128.93
0,587,5.68,0.00,0,0,49194744.600,133954.7446,46.1, 34.903, 34.903, 4.344, 3.644, 3.644, 92.43
0,588,5.69,0.00,0,0,49194844.600,133954.8446,45.7, 34.903, 34.903, 4.724, 3.644, 3.644, 93.11
0,589,5.70,0.00,0,0,49194944.600,133954.9446,46.0, 34.903, 34.903, 2.865, 5.054, 5.054, 116.32
0,590,5.71,0.00,0,0,49195044.600,133955.0446,45.9, 34.903, 34.903, 2.865, 4.451, 4.451, 126.64
0,591,5.72,0.00,0,0,49195144.600,133955.1446,45.8, 34.903, 34.903, 4.274, 3.644, 3.644, 95.33
0,592,5.73,0.00,0,0,49195244.600,133955.2446,46.0, 34.903, 34.903, 4.724, 3.297, 3.297, 88.59
0,593,5.74,0.00,0,0,49195344.600,133955.3446,46.1, 34.903, 34.903, 5.275, 3.644, 3.644, 73.00
0,594,5.74,0.00,0,0,49195444.600,133955.4446,46.3, 34.903, 34.903, 5.220, 3.644, 3.644, 75.83
0,595,5.75,0.00,0,0,49195544.600,133955.5446,46.5, 34.903, 34.903, 4.724, 3.644, 3.644, 83.88
0,596,5.76,0.00,0,0,49195644.600,133955.6446,46.2, 34.903, 34.903, 5.220, 3.644, 3.644, 81.02
0,597,5.77,0.00,0,0,49195744.600,133955.7446,46.5, 34.903, 34.903, 5.769, 3.644, 3.644, 77.49
0,598,5.78,0.00,0,0,49195844.600,133955.8446,46.9, 34.903, 34.903, 6.502, 3.345, 3.345, 85.23
0,599,5.79,0.00,0,0,49195944.600,133955.9446,46.6, 34.903, 34.903, 7.065, 3.471, 3.471, 83.94
0,600,5.80,0.00,0,0,49196044.600,133956.0446,46.7, 34.903, 34.903, 5.220, 3.644, 3.644, 74.28
0,601,5.81,0.00,0,0,49196144.600,133956.1446,46.7, 34.903, 34.903, 5.769, 3.613, 3.613, 68.35
0,602,5.82,0.00,0,0,49196244.600,133956.2446,46.8, 34.903, 34.903, 4.724, 3.644, 3.644, 79.02
0,603,5.83,0.00,0,0,49196344.600,133956.3446,47.5, 34.903, 34.903, 4.274, 3.644, 3.644, 90.46
0,604,5.84,0.00,0,0,49196444.600,133956.4446,45.7, 34.903, 34.903, 4.274, 3.297, 3.297, 102.79
0,605,5.85,0.00,0,0,49196544.600,133956.5446,45.6, 34.903, 34.903, 4.949, 3.042, 3.042, 129.49
0,606,5.86,0.00,0,0,49196644.600,133956.6446,45.4, 34.903, 31.582, 5.522, 3.297, 3.262, 120.72
0,607,5.87,0.00,0,0,49196744.600,133956.7446,45.4, 34.903, 34.903, 4.274, 3.297, 3.297, 111.43
0,608,5.88,0.00,0,0,49196844.600,133956.8446,45.4, 34.903, 34.903, 4.274, 3.297, 3.297, 106.64
0,609,5.89,0.00,0,0,49196944.600,133956.9446,45.7, 34.903, 34.903, 5.769, 3.234, 3.234, 98.04
0,610,5.90,0.00,0,0,49197044.600,133957.0446,45.6, 34.903, 7.047, 28.577, 6.640, 6.008, 91.22
0,611,5.91,0.00,0,0,49197144.600,133957.1446,45.8, 34.903, 5.220, 31.582, 6.008, 4.677, 87.94
0,612,5.92,0.00,0,0,49197244.600,133957.2446,45.2, 34.903, 3.166, 34.903, 6.640, 2.700, 85.88
0,613,5.93,0.00,0,0,49197344.600,133957.3446,45.8, 34.903, 5.769, 23.396, 5.437, 4.570, 109.53
0,614,5.94,0.00,0,0,49197444.600,133957.4446,45.5, 34.903, 31.582, 4.655, 4.028, 3.603, 99.19
0,615,5.95,0.00,0,0,49197544.600,133957.5446,45.6, 34.903, 7.047, 28.577, 6.008, 5.716, 91.54
0,616,5.96,0.00,0,0,49197644.600,133957.6446,45.2, 34.903, 6.376, 23.386, 6.640, 5.257, 88.83
0,617,5.97,0.00,0,0,49197744.600,133957.7446,45.1, 34.903, 34.903, 4.274, 3.560, 3.560, 92.78
0,618,5.98,0.00,0,0,49197844.600,133957.8446,45.3, 34.903, 34.903, 2.865, 4.028, 4.028, 107.79
0,619,5.99,0.00,0,0,49197944.600,133957.9446,45.3, 34.903, 34.903, 3.499, 3.297, 3.297, 124.17
0,620,6.00,0.00,0,0,49198044.600,133958.0446,45.1, 34.903, 6.376, 2.865, 6.640, 6.640, 109.46
0,621,6.01,0.00,0,0,49198144.600,133958.1446,45.4, 34.903, 7.788, 2.865, 6.640, 4.919, 103.37
0,622,6.02,0.00,0,0,49198244.600,133958.2446,45.1, 34.903, 6.376, 2.865, 6.640, 6.640, 107.96
0,623,6.03,0.00,0,0,49198344.600,133958.3446,45.2, 34.903, 8.607, 2.865, 6.640, 4.028, 112.58
0,624,6.03,0.00,0,0,49198444.600,133958.4446,45.5, 34.903, 8.607, 2.865, 6.640, 4.028, 112.84
0,625,6.04,0.00,0,0,49198544.600,133958.5446,45.2, 34.903, 9.512, 2.865, 6.640, 4.028, 106.42
0,626,6.05,0.00,0,0,49198644.600,133958.6446,45.4, 34.903, 12.840, 2.865, 6.640, 4.451, 98.30
0,627,6.06,0.00,0,0,49198744.600,133958.7446,45.3, 34.903, 7.788, 2.865, 6.640, 5.437, 114.42
0,628,6.07,0.00,0,0,49198844.600,133958.8446,45.0, 34.903, 8.607, 2.865, 6.640, 4.451, 113.21
0,629,6.08,0.00,0,0,49198944.600,133958.9446,45.2, 34.903, 34.903, 2.865, 5.096, 5.096, 98.61
0,630,6.09,0.00,0,0,49199044.600,133959.0446,45.0, 34.903, 34.903, 2.865, 6.008, 6.008, 99.60
0,631,6.10,0.00,0,0,49199144.600,133959.1446,45.3, 25.857, 6.376, 34.903, 6.640, 5.437, 143.65
0,632,6.11,0.00,0,0,49199244.600,133959.2446,45.7, 23.396, 6.376, 34.903, 6.640, 5.437, 165.62
0,633,6.12,0.00,0,0,49199344.600,133959.3446,45.4, 34.903, 34.903, 2.865, 6.008, 6.008, 103.16
0,634,6.13,0.00,0,0,49199444.600,133959.4446,45.7, 34.903, 24.845, 2.865, 6.008, 5.437, 99.75
0,635,6.14,0.00,0,0,49199544.600,133959.5446,45.7, 34.903, 15.683, 2.865, 6.403, 4.919, 97.05
0,636,6.15,0.00,0,0,49199644.600,133959.6446,45.4, 34.903, 24.397, 2.865, 6.640, 5.437, 92.01
0,637,6.16,0.00,0,0,49199744.600,133959.7446,45.6, 34.903, 34.903, 2.865, 6.008, 6.008, 93.56
0,638,6.17,0.00,0,0,49199844.600,133959.8446,45.5, 34.903, 34.903, 2.865, 4.028, 4.028, 104.93
0,639,6.18,0.00,0,0,49199944.600,133959.9446,46.0, 34.903, 34.903, 3.499, 3.297, 3.297, 112.71
0,640,6.19,0.00,0,0,49200044.600,134000.0446,46.6, 34.903, 34.903, 2.865, 5.898, 5.898, 95.87
0,641,6.20,0.00,0,0,49200144.600,134000.1446,46.7, 34.903, 34.903, 2.865, 4.028, 4.028, 117.47
0,642,6.21,0.00,0,0,49200244.600,134000.2446,46.5, 34.903, 34.903, 4.274, 3.644, 3.644, 103.23
0,643,6.22,0.00,0,0,49200344.600,134000.3446,46.1, 34.903, 34.903, 3.435, 3.644, 3.644, 115.28
0,644,6.23,0.00,0,0,49200444.600,134000.4446,46.6, 34.903, 34.903, 3.867, 3.644, 3.644, 93.54
0,645,6.24,0.00,0,0,49200544.600,134000.5446,46.3, 34.903, 34.903, 4.274, 3.644, 3.644, 85.04
0,646,6.25,0.00,0,0,49200644.600,134000.6446,46.2, 34.903, 34.903, 4.724, 3.644, 3.644, 92.03
0,647,6.26,0.00,0,0,49200744.600,134000.7446,46.7, 34.903, 34.903, 4.274, 3.644, 3.644, 85.00
0,648,6.27,0.00,0,0,49200844.600,134000.8446,46.8, 34.903, 34.903, 4.274, 3.644, 3.644, 83.48
0,649,6.28,0.00,0,0,49200944.600,134000.9446,46.4, 34.903, 34.903, 4.274, 3.644, 3.644, 84.79
0,650,6.29,0.00,0,0,49201044.600,134001.0446,46.7, 34.903, 34.903, 4.724, 3.644, 3.644, 90.48
0,651,6.30,0.00,0,0,49201144.600,134001.1446,46.5, 34.903, 34.903, 4.274, 4.025, 4.025, 85.10
0,652,6.31,0.00,0,0,49201244.600,134001.2446,46.5, 34.903, 34.903, 4.724, 4.028, 4.028, 87.78
0,653,6.32,0.00,0,0,49201344.600,134001.3446,46.9, 34.903, 34.903, 4.274, 3.644, 3.644, 92.83
0,654,6.32,0.00,0,0,49201444.600,134001.4446,46.7, 34.903, 34.903, 4.724, 3.644, 3.644, 85.13
0,655,6.33,0.00,0,0,49201544.600,134001.5446,46.9, 34.903, 34.903, 5.769, 3.293, 3.293, 92.79
0,656,6.34,0.00,0,0,49201644.600,134001.6446,47.0, 34.903, 4.724, 23.396, 6.640, 4.234, 98.28
0,657,6.35,0.00,0,0,49201744.600,134001.7446,47.0, 34.903, 34.903, 6.981, 3.644, 3.644, 81.00
0,658,6.36,0.00,0,0,49201844.600,134001.8446,47.4, 34.903, 34.903, 5.220, 3.644, 3.644, 85.58
0,659,6.37,0.00,0,0,49201944.600,134001.9446,47.2, 34.903, 34.903, 4.724, 3.297, 3.297, 101.74
0,660,6.38,0.00,0,0,49202044.600,134002.0446,46.7, 34.903, 7.788, 34.903, 6.640, 6.008, 102.63
0,661,6.39,0.00,0,0,49202144.600,134002.1446,46.5, 34.903, 5.769, 34.903, 6.640, 4.589, 116.34
0,662,6.40,0.00,0,0,49202244.600,134002.2446,46.8, 34.903, 25.857, 10.513, 4.378, 3.162, 120.65
0,663,6.41,0.00,0,0,49202344.600,134002.3446,47.0, 34.903, 31.582, 5.889, 4.451, 3.996, 111.83
0,664,6.42,0.00,0,0,49202444.600,134002.4446,47.2, 34.903, 34.903, 5.778, 3.635, 3.635, 116.43
0,665,6.43,0.00,0,0,49202544.600,134002.5446,47.3, 34.903, 28.577, 10.058, 4.451, 2.838, 108.10
0,666,6.44,0.00,0,0,49202644.600,134002.6446,47.6, 34.903, 6.781, 2.865, 6.008, 6.640, 138.70
0,667,6.45,0.00,0,0,49202744.600,134002.7446,47.0, 34.903, 9.512, 2.865, 6.593, 5.437, 118.78
0,668,6.46,0.00,0,0,49202844.600,134002.8446,46.9, 34.903, 7.788, 2.865, 6.640, 5.437, 108.11
0,669,6.47,0.00,0,0,49202944.600,134002.9446,46.8, 34.903, 17.333, 3.478, 5.437, 3.995, 94.41
0,670,6.48,0.00,0,0,49203044.600,134003.0446,46.8, 34.903, 34.903, 4.107, 3.588, 3.588, 89.73
0,671,6.49,0.00,0,0,49203144.600,134003.1446,47.0, 34.903, 34.903, 2.865, 5.261, 5.261, 96.32
0,672,6.50,0.00,0,0,49203244.600,134003.2446,47.3, 34.903, 9.512, 2.865, 6.640, 4.028, 106.72
0,673,6.51,0.00,0,0,49203344.600,134003.3446,46.9, 34.903, 7.047, 2.865, 6.008, 4.154, 116.18
0,674,6.52,0.00,0,0,49203444.600,134003.4446,47.3, 34.903, 7.047, 2.865, 4.028, 6.640, 140.25
0,675,6.53,0.00,0,0,49203544.600,134003.5446,46.8, 34.903, 6.376, 2.865, 6.640, 6.640, 118.60
0,676,6.54,0.00,0,0,49203644.600,134003.6446,47.0, 34.903, 6.408, 2.865, 6.640, 6.640, 115.05
0,677,6.55,0.00,0,0,49203744.600,134003.7446,46.6, 34.903, 10.513, 2.865, 6.640, 4.451, 106.08
0,678,6.56,0.00,0,0,49203844.600,134003.8446,46.5, 34.903, 8.607, 2.865, 6.640, 4.451, 111.30
0,679,6.57,0.00,0,0,49203944.600,134003.9446,46.7, 34.903, 7.788, 2.865, 6.640, 4.919, 98.93
0,680,6.58,0.00,0,0,49204044.600,134004.0446,46.9, 34.903, 19.155, 2.865, 6.640, 4.919, 90.77
0,681,6.59,0.00,0,0,49204144.600,134004.1446,47.1, 34.903, 34.903, 2.865, 6.640, 6.640, 99.15
0,682,6.60,0.00,0,0,49204244.600,134004.2446,47.4, 34.903, 34.903, 2.865, 6.640, 6.640, 99.43
0,683,6.61,0.00,0,0,49204344.600,134004.3446,46.9, 34.903, 34.903, 2.865, 6.640, 6.640, 97.47
0,684,6.62,0.00,0,0,49204444.600,134004.4446,47.5, 34.903, 9.512, 2.865, 6.008, 4.451, 108.75
0,685,6.62,0.00,0,0,49204544.600,134004.5446,47.5, 34.903, 32.405, 2.865, 6.008, 6.008, 100.89
0,686,6.63,0.00,0,0,49204644.600,134004.6446,46.9, 34.903, 34.903, 2.865, 4.710, 4.710, 106.73
0,687,6.64,0.00,0,0,49204744.600,134004.7446,47.1, 34.903, 34.903, 2.865, 4.800, 4.800, 105.95
0,688,6.65,0.00,0,0,49204844.600,134004.8446,46.9, 34.903, 34.903, 2.865, 5.407, 5.407, 99.12
0,689,6.66,0.00,0,0,49204944.600,134004.9446,47.2, 34.903, 34.903, 2.865, 4.651, 4.651, 105.77
0,690,6.67,0.00,0,0,49205044.600,134005.0446,47.7, 34.903, 31.582, 3.867, 4.451, 3.644, 93.99
0,691,6.68,0.00,0,0,49205144.600,134005.1446,47.8, 34.903, 34.903, 5.220, 3.644, 3.644, 81.36
0,692,6.69,0.00,0,0,49205244.600,134005.2446,47.7, 34.903, 34.903, 5.769, 3.297, 3.297, 83.30
0,693,6.70,0.00,0,0,49205344.600,134005.3446,47.7, 34.903, 34.903, 5.769, 3.644, 3.644, 88.33
0,694,6.71,0.00,0,0,49205444.600,134005.4446,47.6, 34.903, 34.903, 4.274, 3.644, 3.644, 92.97
0,695,6.72,0.00,0,0,49205544.600,134005.5446,47.4, 34.903, 34.903, 4.724, 3.644, 3.644, 80.84
0,696,6.73,0.00,0,0,49205644.600,134005.6446,47.4, 34.903, 34.903, 5.220, 3.644, 3.644, 69.98
0,697,6.74,0.00,0,0,49205744.600,134005.7446,47.4, 34.903, 34.903, 5.220, 3.297, 3.297, 85.17
0,698,6.75,0.00,0,0,49205844.600,134005.8446,47.4, 34.903, 34.903, 6.376, 3.165, 3.165, 88.84
0,699,6.76,0.00,0,0,49205944.600,134005.9446,47.2, 34.903, 34.903, 5.220, 3.283, 3.283, 81.93
0,700,6.77,0.00,0,0,49206044.600,134006.0446,45.3, 34.903, 34.903, 4.724, 3.644, 3.644, 87.41
0,701,6.78,0.00,0,0,49206144.600,134006.1446,45.2, 34.903, 34.903, 4.724, 3.644, 3.644, 103.03
0,702,6.79,0.00,0,0,49206244.600,134006.2446,45.5, 34.903, 34.903, 4.724, 3.644, 3.644, 82.33
0,703,6.80,0.00,0,0,49206344.600,134006.3446,45.4, 34.903, 34.903, 6.376, 3.202, 3.202, 80.26
0,704,6.81,0.00,0,0,49206444.600,134006.4446,44.9, 34.903, 31.582, 7.788, 3.876, 2.691, 94.56
0,705,6.82,0.00,0,0,49206544.700,134006.5447,45.6, 34.903, 34.903, 5.769, 3.280, 3.280, 95.17
0,706,6.83,0.00,0,0,49206644.600,134006.6446,45.4, 34.903, 34.903, 4.274, 3.644, 3.644, 93.22
0,707,6.84,0.00,0,0,49206744.700,134006.7447,45.2, 34.903, 34.903, 4.724, 3.260, 3.260, 96.66
0,708,6.85,0.00,0,0,49206844.700,134006.8447,45.5, 34.903, 7.047, 34.903, 6.316, 5.715, 89.95
0,709,6.86,0.00,0,0,49206944.700,134006.9447,45.4, 34.903, 5.769, 25.857, 6.640, 4.905, 98.36
0,710,6.87,0.00,0,0,49207044.600,134007.0446,45.3, 34.903, 28.576, 4.009, 5.190, 3.025, 98.17
0,711,6.88,0.00,0,0,49207144.700,134007.1447,45.4, 34.903, 31.582, 6.376, 4.337, 3.145, 101.19
0,712,6.89,0.00,0,0,49207244.700,134007.2447,45.2, 34.903, 11.618, 11.721, 6.640, 1.680, 110.76
0,713,6.90,0.00,0,0,49207344.700,134007.3447,45.4, 34.903, 5.769, 25.857, 6.640, 4.912, 97.77
0,714,6.91,0.00,0,0,49207444.700,134007.4447,45.6, 34.903, 5.769, 19.155, 6.640, 3.428, 96.75
0,715,6.91,0.00,0,0,49207544.700,134007.5447,45.1, 34.903, 7.047, 2.865, 6.008, 6.640, 121.12
0,716,6.92,0.00,0,0,49207644.700,134007.6447,45.4, 34.903, 12.301, 4.144, 6.008, 6.640, 101.51
0,717,6.93,0.00,0,0,49207744.700,134007.7447,46.3, 34.903, 14.177, 5.514, 5.333, 4.642, 105.73
0,718,6.94,0.00,0,0,49207844.700,134007.8447,46.2, 34.903, 34.903, 2.865, 5.660, 5.660, 103.51
0,719,6.95,0.00,0,0,49207944.700,134007.9447,46.6, 34.903, 34.903, 2.865, 4.089, 4.089, 103.61
0,720,6.96,0.00,0,0,49208044.700,134008.0447,46.4, 34.903, 7.788, 2.865, 6.640, 6.640, 107.53
0,721,6.97,0.00,0,0,49208144.700,134008.1447,46.6, 34.903, 6.376, 2.865, 6.008, 6.640, 113.01
0,722,6.98,0.00,0,0,49208244.700,134008.2447,46.5, 34.903, 9.512, 2.865, 6.640, 4.028, 100.27
0,723,6.99,0.00,0,0,49208344.700,134008.3447,46.2, 34.903, 6.376, 2.865, 6.640, 6.640, 106.57
0,724,7.00,0.00,0,0,49208444.700,134008.4447,46.4, 34.903, 7.047, 2.865, 4.451, 6.640, 126.44
0,725,7.01,0.00,0,0,49208544.700,134008.5447,46.1, 34.903, 7.047, 2.865, 6.640, 6.640, 109.77
0,726,7.02,0.00,0,0,49208644.700,134008.6447,45.8, 34.903, 8.607, 2.865, 6.640, 4.028, 111.14
0,727,7.03,0.00,0,0,49208744.700,134008.7447,46.2, 34.903, 7.788, 2.865, 6.640, 4.919, 124.90
0,728,7.04,0.00,0,0,49208844.700,134008.8447,45.8, 34.903, 7.788, 2.865, 6.640, 6.008, 124.08
0,729,7.05,0.00,0,0,49208944.700,134008.9447,46.1, 34.903, 7.788, 2.865, 6.640, 6.008, 114.24
0,730,7.06,0.00,0,0,49209044.700,134009.0447,46.1, 34.903, 6.376, 2.865, 6.640, 6.640, 114.05
0,731,7.07,0.00,0,0,49209144.700,134009.1447,46.2, 34.903, 12.840, 2.865, 6.640, 4.451, 110.40
0,732,7.08,0.00,0,0,49209244.700,134009.2447,46.7, 34.903, 32.901, 2.865, 6.640, 6.640, 105.06
0,733,7.09,0.00,0,0,49209344.700,134009.3447,46.8, 34.903, 7.788, 2.865, 6.640, 6.640, 114.56
0,734,7.10,0.00,0,0,49209444.700,134009.4447,46.2, 34.903, 17.333, 2.865, 3.871, 6.640, 126.82
0,735,7.11,0.00,0,0,49209544.700,134009.5447,46.5, 34.903, 34.903, 2.865, 4.187, 4.187, 115.11
0,736,7.12,0.00,0,0,49209644.700,134009.6447,46.5, 34.903, 34.903, 2.865, 3.862, 3.862, 114.40
0,737,7.13,0.00,0,0,49209744.700,134009.7447,46.5, 34.903, 23.396, 4.158, 5.437, 1.217, 121.44
0,738,7.14,0.00,0,0,49209844.700,134009.8447,45.8, 34.903, 34.903, 3.531, 3.297, 3.297, 116.91
0,739,7.15,0.00,0,0,49209944.700,134009.9447,45.4, 34.903, 34.903, 3.867, 3.297, 3.297, 115.10
0,740,7.16,0.00,0,0,49210044.700,134010.0447,45.4, 34.903, 34.903, 5.220, 3.644, 3.644, 95.19
0,741,7.17,0.00,0,0,49210144.700,134010.1447,45.7, 34.903, 34.903, 5.769, 3.644, 3.644, 77.10
0,742,7.18,0.00,0,0,49210244.700,134010.2447,46.0, 34.903, 34.903, 3.867, 3.644, 3.644, 83.81
0,743,7.19,0.00,0,0,49210344.700,134010.3447,45.9, 34.903, 34.903, 4.274, 3.297, 3.297, 90.45
0,744,7.20,0.00,0,0,49210444.700,134010.4447,46.0, 34.903, 34.903, 4.274, 3.297, 3.297, 94.83
0,745,7.21,0.00,0,0,49210544.700,134010.5447,45.8, 34.903, 34.903, 4.724, 3.297, 3.297, 105.32
0,746,7.21,0.00,0,0,49210644.700,134010.6447,45.7, 34.903, 34.903, 5.220, 3.641, 3.641, 87.05
0,747,7.22,0.00,0,0,49210744.700,134010.7447,45.8, 34.903, 34.903, 5.220, 3.644, 3.644, 75.65
0,748,7.23,0.00,0,0,49210844.700,134010.8447,45.9, 34.903, 34.903, 4.274, 3.644, 3.644, 85.24
0,749,7.24,0.00,0,0,49210944.700,134010.9447,45.9, 34.903, 34.903, 4.274, 3.644, 3.644, 81.29
0,750,7.25,0.00,0,0,49211044.700,134011.0447,46.2, 34.903, 34.903, 4.724, 3.644, 3.644, 86.53
0,751,7.26,0.00,0,0,49211144.700,134011.1447,45.7, 34.903, 34.903, 4.724, 3.644, 3.644, 96.70
0,752,7.27,0.00,0,0,49211244.700,134011.2447,45.4, 34.903, 34.903, 5.220, 3.644, 3.644, 86.08
0,753,7.28,0.00,0,0,49211344.700,134011.3447,45.6, 34.903, 34.903, 4.724, 3.644, 3.644, 75.39
0,754,7.29,0.00,0,0,49211444.700,134011.4447,45.7, 34.903, 34.903, 5.220, 3.644, 3.644, 75.58
0,755,7.30,0.00,0,0,49211544.700,134011.5447,45.6, 34.903, 34.903, 4.724, 4.025, 4.025, 82.88
0,756,7.31,0.00,0,0,49211644.700,134011.6447,46.0, 34.903, 34.903, 5.220, 3.644, 3.644, 87.55
0,757,7.32,0.00,0,0,49211744.700,134011.7447,45.5, 34.903, 34.903, 4.274, 3.644, 3.644, 93.52
0,758,7.33,0.00,0,0,49211844.700,134011.8447,45.7, 34.903, 34.903, 4.274, 3.297, 3.297, 105.94
0,759,7.34,0.00,0,0,49211944.700,134011.9447,45.6, 34.903, 34.903, 4.724, 3.644, 3.644, 102.20
0,760,7.35,0.00,0,0,49212044.700,134012.0447,45.3, 34.903, 34.903, 4.636, 3.644, 3.644, 102.87
0,761,7.36,0.00,0,0,49212144.700,134012.1447,45.9, 34.903, 15.683, 2.865, 6.640, 4.919, 99.76
0,762,7.37,0.00,0,0,49212244.700,134012.2447,46.3, 34.903, 7.788, 2.865, 4.451, 6.640, 132.55
0,763,7.38,0.00,0,0,49212344.700,134012.3447,46.5, 34.903, 7.047, 2.865, 6.640, 6.640, 117.20
0,764,7.39,0.00,0,0,49212444.700,134012.4447,46.4, 34.903, 31.582, 8.854, 4.028, 3.113, 93.71
0,765,7.40,0.00,0,0,49212544.700,134012.5447,45.8, 34.903, 25.757, 15.683, 5.437, 1.196, 87.95
0,766,7.41,0.00,0,0,49212644.700,134012.6447,45.6, 34.903, 4.724, 28.577, 6.640, 4.680, 115.21
0,767,7.42,0.00,0,0,49212744.700,134012.7447,45.1, 34.903, 7.047, 34.903, 6.640, 5.437, 118.33
0,768,7.43,0.00,0,0,49212844.700,134012.8447,45.2, 34.903, 6.376, 2.865, 4.451, 6.640, 157.71
0,769,7.44,0.00,0,0,49212944.700,134012.9447,45.4, 34.903, 34.903, 2.865, 5.013, 5.013, 101.26
0,770,7.45,0.00,0,0,49213044.700,134013.0447,45.2, 34.903, 34.903, 2.865, 5.194, 5.194, 113.39
0,771,7.46,0.00,0,0,49213144.700,134013.1447,45.5, 34.903, 23.396, 9.512, 4.258, 2.585, 110.74
0,772,7.47,0.00,0,0,49213244.700,134013.2447,45.7, 34.903, 27.946, 6.376, 5.254, 1.749, 90.93
0,773,7.48,0.00,0,0,49213344.700,134013.3447,46.0, 34.903, 11.163, 3.166, 5.437, 6.640, 112.22
0,774,7.49,0.00,0,0,49213444.700,134013.4447,46.0, 34.903, 25.857, 2.865, 6.539, 6.640, 106.07
0,775,7.50,0.00,0,0,49213544.700,134013.5447,45.8, 28.577, 4.724, 23.396, 6.640, 6.318, 149.96
0,776,7.50,0.00,0,0,49213644.700,134013.6447,45.8, 34.903, 34.903, 2.865, 5.838, 5.838, 93.47
0,777,7.51,0.00,0,0,49213744.700,134013.7447,45.7, 34.903, 7.047, 2.865, 6.640, 6.640, 116.45
0,778,7.52,0.00,0,0,49213844.700,134013.8447,45.7, 34.903, 8.607, 2.865, 6.640, 4.028, 110.07
0,779,7.53,0.00,0,0,49213944.700,134013.9447,45.5, 34.903, 34.903, 2.865, 6.008, 6.008, 92.19
0,780,7.54,0.00,0,0,49214044.700,134014.0447,45.7, 34.903, 9.512, 2.865, 6.640, 4.451, 100.85
0,781,7.55,0.00,0,0,49214144.700,134014.1447,44.8, 34.903, 9.512, 2.865, 6.640, 4.451, 105.12
0,782,7.56,0.00,0,0,49214244.700,134014.2447,45.2, 34.903, 34.903, 2.865, 6.640, 6.640, 96.62
0,783,7.57,0.00,0,0,49214344.700,134014.3447,45.4, 34.903, 18.953, 2.865, 6.640, 4.919, 100.85
0,784,7.58,0.00,0,0,49214444.700,134014.4447,45.4, 34.903, 8.607, 2.865, 6.640, 4.028, 114.94
0,785,7.59,0.00,0,0,49214544.700,134014.5447,45.4, 34.903, 15.683, 2.865, 6.640, 4.919, 110.91
0,786,7.60,0.00,0,0,49214644.700,134014.6447,45.0, 34.903, 34.903, 2.865, 5.903, 5.903, 102.57
0,787,7.61,0.00,0,0,49214744.700,134014.7447,45.0, 34.903, 17.333, 2.865, 6.640, 5.437, 109.58
0,788,7.62,0.00,0,0,49214844.700,134014.8447,44.9, 34.903, 14.191, 2.865, 6.640, 4.919, 106.93
0,789,7.63,0.00,0,0,49214944.700,134014.9447,44.8, 34.903, 34.903, 2.865, 5.960, 5.960, 94.60
0,790,7.64,0.00,0,0,49215044.700,134015.0447,45.1, 34.903, 34.903, 2.865, 6.008, 6.008, 99.87
0,791,7.65,0.00,0,0,49215144.700,134015.1447,44.8, 34.903, 34.903, 2.865, 4.158, 4.158, 103.20
0,792,7.66,0.00,0,0,49215244.700,134015.2447,45.2, 34.903, 34.903, 2.865, 4.139, 4.139, 97.29
0,793,7.67,0.00,0,0,49215344.700,134015.3447,44.8, 34.903, 34.903, 2.865, 4.208, 4.208, 96.02
0,794,7.68,0.00,0,0,49215444.700,134015.4447,45.3, 34.903, 34.903, 3.499, 3.297, 3.297, 123.98
0,795,7.69,0.00,0,0,49215544.700,134015.5447,45.5, 34.903, 34.903, 4.274, 3.644, 3.644, 104.23
0,796,7.70,0.00,0,0,49215644.700,134015.6447,45.6, 34.903, 34.903, 3.867, 3.644, 3.644, 107.31
0,797,7.71,0.00,0,0,49215744.700,134015.7447,45.2, 34.903, 34.903, 4.274, 3.644, 3.644, 97.48
0,798,7.72,0.00,0,0,49215844.700,134015.8447,45.1, 34.903, 34.903, 3.867, 3.644, 3.644, 106.71
0,799,7.73,0.00,0,0,49215944.700,134015.9447,45.1, 34.903, 34.903, 2.865, 6.640, 6.640, 98.93
0,800,7.74,0.00,0,0,49216044.700,134016.0447,45.2, 34.903, 34.903, 5.268, 3.297, 3.297, 96.80
0,801,7.75,0.00,0,0,49216144.700,134016.1447,45.6, 34.903, 34.903, 4.724, 3.644, 3.644, 81.75
0,802,7.76,0.00,0,0,49216244.700,134016.2447,45.8, 34.903, 34.903, 5.220, 3.644, 3.644, 92.06
0,803,7.77,0.00,0,0,49216344.700,134016.3447,45.8, 34.903, 34.903, 5.769, 3.644, 3.644, 85.05
0,804,7.78,0.00,0,0,49216444.700,134016.4447,45.8, 34.903, 34.903, 5.769, 3.644, 3.644, 69.58
0,805,7.79,0.00,0,0,49216544.700,134016.5447,45.8, 34.903, 34.903, 6.376, 3.644, 3.644, 68.43
0,806,7.79,0.00,0,0,49216644.700,134016.6447,45.9, 34.903, 34.903, 7.328, 3.288, 3.288, 86.10
0,807,7.80,0.00,0,0,49216744.700,134016.7447,45.2, 34.903, 34.903, 7.549, 3.639, 3.639, 84.89
0,808,7.81,0.00,0,0,49216844.700,134016.8447,45.3, 34.903, 34.903, 5.220, 3.644, 3.644, 79.33
0,809,7.82,0.00,0,0,49216944.700,134016.9447,45.5, 34.903, 34.903, 4.724, 3.297, 3.297, 93.29
0,810,7.83,0.00,0,0,49217044.700,134017.0447,45.1, 34.903, 7.788, 31.582, 6.316, 6.316, 98.42
0,811,7.84,0.00,0,0,49217144.700,134017.1447,45.7, 34.903, 34.903, 4.776, 3.297, 3.297, 103.06
0,812,7.85,0.00,0,0,49217244.700,134017.2447,45.8, 34.903, 34.903, 4.274, 3.297, 3.297, 115.27
0,813,7.86,0.00,0,0,49217344.700,134017.3447,45.4, 34.903, 34.903, 4.403, 3.117, 3.117, 118.86
0,814,7.87,0.00,0,0,49217444.700,134017.4447,45.5, 34.903, 17.359, 3.691, 4.919, 3.863, 115.26
0,815,7.88,0.00,0,0,49217544.700,134017.5447,45.3, 34.903, 10.562, 2.865, 4.919, 6.640, 124.81
0,816,7.89,0.00,0,0,49217644.700,134017.6447,45.3, 34.903, 6.880, 19.103, 5.437, 3.138, 117.02
0,817,7.90,0.00,0,0,49217744.700,134017.7447,45.3, 34.903, 8.107, 10.513, 6.640, 1.722, 105.67
0,818,7.91,0.00,0,0,49217844.700,134017.8447,45.2, 34.903, 9.512, 2.865, 6.640, 4.451, 103.27
0,819,7.92,0.00,0,0,49217944.700,134017.9447,45.1, 34.903, 34.903, 3.215, 4.028, 4.028, 94.67
0,820,7.93,0.00,0,0,49218044.700,134018.0447,45.3, 34.903, 10.513, 2.865, 6.640, 6.640, 106.44
0,821,7.94,0.00,0,0,49218144.700,134018.1447,45.4, 34.903, 7.788, 2.865, 6.640, 6.640, 107.12
0,822,7.95,0.00,0,0,49218244.700,134018.2447,45.4, 34.903, 21.170, 3.539, 5.869, 4.861, 83.43
0,823,7.96,0.00,0,0,49218344.700,134018.3447,45.2, 34.903, 6.376, 2.865, 6.640, 6.640, 102.17
0,824,7.97,0.00,0,0,49218444.700,134018.4447,45.4, 34.903, 34.903, 2.865, 4.878, 4.878, 91.42
0,825,7.98,0.00,0,0,49218544.700,134018.5447,45.3, 34.903, 28.154, 2.865, 6.640, 5.437, 96.00
0,826,7.99,0.00,0,0,49218644.700,134018.6447,45.2, 34.903, 34.903, 2.865, 6.450, 6.450, 102.45
0,827,8.00,0.00,0,0,49218744.700,134018.7447,45.3, 34.903, 26.432, 2.865, 6.640, 6.640, 107.57
0,828,8.01,0.00,0,0,49218844.700,134018.8447,44.6, 34.903, 8.607, 2.865, 6.640, 4.451, 114.42
0,829,8.02,0.00,0,0,49218944.700,134018.9447,44.3, 34.903, 23.396, 2.865, 6.640, 6.008, 105.50
0,830,8.03,0.00,0,0,49219044.700,134019.0447,44.2, 34.903, 34.903, 2.865, 6.008, 6.008, 95.62
0,831,8.04,0.00,0,0,49219144.700,134019.1447,44.4, 34.903, 31.582, 2.865, 4.838, 3.584, 95.65
0,832,8.05,0.00,0,0,49219244.700,134019.2447,44.7, 34.903, 34.903, 3.867, 3.297, 3.297, 100.86
0,833,8.06,0.00,0,0,49219344.700,134019.3447,44.7, 34.903, 34.903, 2.865, 4.007, 4.007, 108.61
0,834,8.07,0.00,0,0,49219444.700,134019.4447,45.1, 34.903, 8.607, 2.865, 6.640, 5.437, 111.76
0,835,8.08,0.00,0,0,49219544.700,134019.5447,45.0, 34.903, 9.512, 2.865, 6.640, 4.451, 110.78
0,836,8.09,0.00,0,0,49219644.700,134019.6447,44.7, 34.903, 34.903, 2.865, 5.154, 5.154, 106.52
0,837,8.09,0.00,0,0,49219744.700,134019.7447,44.7, 34.903, 34.903, 3.827, 3.644, 3.644, 123.49
0,838,8.10,0.00,0,0,49219844.700,134019.8447,45.1, 34.903, 10.513, 2.865, 6.640, 4.919, 112.40
0,839,8.11,0.00,0,0,49219944.700,134019.9447,45.0, 34.903, 34.903, 3.986, 2.984, 2.984, 118.48
0,840,8.12,0.00,0,0,49220044.700,134020.0447,45.6, 34.903, 34.903, 3.166, 3.297, 3.297, 106.87
0,841,8.13,0.00,0,0,49220144.700,134020.1447,45.6, 34.903, 34.903, 2.865, 4.776, 4.776, 104.24
0,842,8.14,0.00,0,0,49220244.700,134020.2447,45.9, 34.903, 34.903, 3.867, 3.644, 3.644, 122.68
0,843,8.15,0.00,0,0,49220344.700,134020.3447,46.1, 34.903, 34.903, 2.865, 4.028, 4.028, 108.29
0,844,8.16,0.00,0,0,49220444.700,134020.4447,45.3, 34.903, 34.903, 2.865, 5.609, 5.609, 91.84
0,845,8.17,0.00,0,0,49220544.700,134020.5447,45.2, 34.903, 34.903, 3.867, 3.297, 3.297, 107.87
0,846,8.18,0.00,0,0,49220644.700,134020.6447,45.4, 34.903, 34.903, 3.867, 3.644, 3.644, 100.19
0,847,8.19,0.00,0,0,49220744.700,134020.7447,46.3, 34.903, 34.903, 2.865, 4.028, 4.028, 103.89
0,848,8.20,0.00,0,0,49220844.700,134020.8447,46.5, 34.903, 34.903, 5.220, 3.297, 3.297, 91.52
0,849,8.21,0.00,0,0,49220944.700,134020.9447,46.9, 34.903, 34.903, 4.724, 3.644, 3.644, 83.82
0,850,8.22,0.00,0,0,49221044.700,134021.0447,46.5, 34.903, 34.903, 3.867, 3.297, 3.297, 127.19
0,851,8.23,0.00,0,0,49221144.700,134021.1447,46.9, 34.903, 34.903, 3.867, 3.297, 3.297, 133.36
0,852,8.24,0.00,0,0,49221244.700,134021.2447,46.4, 34.903, 34.903, 4.274, 3.644, 3.644, 94.67
0,853,8.25,0.00,0,0,49221344.700,134021.3447,46.4, 34.903, 34.903, 4.274, 3.297, 3.297, 91.53
0,854,8.26,0.00,0,0,49221444.700,134021.4447,46.5, 34.903, 34.903, 4.724, 3.644, 3.644, 89.23
0,855,8.27,0.00,0,0,49221544.700,134021.5447,45.8, 34.903, 34.903, 4.724, 3.644, 3.644, 98.79
0,856,8.28,0.00,0,0,49221644.700,134021.6447,45.7, 34.903, 34.903, 3.867, 3.297, 3.297, 129.16
0,857,8.29,0.00,0,0,49221744.700,134021.7447,45.7, 34.903, 28.577, 5.667, 4.621, 1.967, 120.27
0,858,8.30,0.00,0,0,49221844.700,134021.8447,45.7, 34.903, 34.903, 5.769, 3.250, 3.250, 90.72
0,859,8.31,0.00,0,0,49221944.700,134021.9447,45.5, 34.903, 34.903, 5.564, 3.213, 3.213, 107.79
0,860,8.32,0.00,0,0,49222044.700,134022.0447,45.2, 34.903, 31.582, 6.376, 3.297, 3.750, 98.97
0,861,8.33,0.00,0,0,49222144.700,134022.1447,45.6, 34.903, 7.788, 25.857, 6.008, 6.005, 94.58
0,862,8.34,0.00,0,0,49222244.700,134022.2447,45.5, 34.903, 31.582, 8.607, 2.000, 4.165, 102.76
0,863,8.35,0.00,0,0,49222344.700,134022.3447,45.8, 34.903, 34.903, 4.357, 3.517, 3.517, 104.59
0,864,8.36,0.00,0,0,49222444.700,134022.4447,46.8, 34.903, 31.582, 5.583, 4.451, 3.285, 98.07
0,865,8.37,0.00,0,0,49222544.700,134022.5447,45.7, 34.903, 34.903, 5.220, 3.640, 3.640, 94.21
0,866,8.38,0.00,0,0,49222644.700,134022.6447,45.7, 34.903, 34.903, 4.027, 3.644, 3.644, 96.40
0,867,8.38,0.00,0,0,49222744.700,134022.7447,45.6, 34.903, 8.607, 2.865, 6.640, 5.437, 113.63
0,868,8.39,0.00,0,0,49222844.800,134022.8448,45.3, 34.903, 34.903, 2.865, 5.437, 5.437, 102.11
0,869,8.40,0.00,0,0,49222944.800,134022.9448,46.0, 34.903, 34.903, 2.865, 6.640, 6.640, 95.27
0,870,8.41,0.00,0,0,49223044.700,134023.0447,45.6, 34.903, 5.769, 2.865, 6.640, 6.640, 109.96
0,871,8.42,0.00,0,0,49223144.700,134023.1447,45.3, 34.903, 7.047, 2.865, 6.640, 6.640, 110.34
0,872,8.43,0.00,0,0,49223244.800,134023.2448,46.1, 34.903, 34.903, 2.865, 6.640, 6.640, 105.48
0,873,8.44,0.00,0,0,49223344.800,134023.3448,45.9, 34.903, 34.903, 2.865, 6.640, 6.640, 105.73
0,874,8.45,0.00,0,0,49223444.800,134023.4448,45.3, 34.903, 34.903, 2.865, 6.640, 6.640, 96.30
0,875,8.46,0.00,0,0,49223544.800,134023.5448,45.4, 34.903, 9.512, 2.865, 6.640, 4.028, 101.52
0,876,8.47,0.00,0,0,49223644.800,134023.6448,45.2, 34.903, 7.788, 2.865, 6.486, 4.919, 106.54
0,877,8.48,0.00,0,0,49223744.800,134023.7448,45.5, 34.903, 34.903, 2.865, 5.260, 5.260, 92.76
0,878,8.49,0.00,0,0,49223844.800,134023.8448,45.7, 34.903, 34.903, 2.865, 6.640, 6.640, 89.75
0,879,8.50,0.00,0,0,49223944.800,134023.9448,45.3, 34.903, 15.699, 2.865, 6.640, 4.919, 109.32
0,880,8.51,0.00,0,0,49224044.800,134024.0448,45.9, 34.903, 34.903, 2.865, 5.437, 5.437, 113.25
0,881,8.52,0.00,0,0,49224144.800,134024.1448,45.6, 34.903, 34.903, 2.865, 4.698, 4.698, 110.37
0,882,8.53,0.00,0,0,49224244.800,134024.2448,45.4, 34.903, 34.903, 2.865, 5.437, 5.437, 97.16
0,883,8.54,0.00,0,0,49224344.800,134024.3448,45.1, 34.903, 10.513, 2.865, 6.640, 4.028, 102.63
0,884,8.55,0.00,0,0,49224444.800,134024.4448,44.5, 34.903, 34.903, 2.865, 3.792, 3.792, 107.61
0,885,8.56,0.00,0,0,49224544.800,134024.5448,44.1, 34.903, 34.903, 2.865, 4.919, 4.919, 104.72
0,886,8.57,0.00,0,0,49224644.800,134024.6448,45.0, 34.903, 34.903, 2.865, 5.054, 5.054, 101.46
0,887,8.58,0.00,0,0,49224744.800,134024.7448,44.9, 34.903, 34.903, 3.499, 3.297, 3.297, 115.49
0,888,8.59,0.00,0,0,49224844.800,134024.8448,45.1, 34.903, 34.903, 2.865, 4.451, 4.451, 108.64
0,889,8.60,0.00,0,0,49224944.800,134024.9448,45.0, 34.903, 34.903, 3.166, 3.644, 3.644, 116.33
0,890,8.61,0.00,0,0,49225044.800,134025.0448,45.2, 34.903, 34.903, 4.724, 3.644, 3.644, 98.77
0,891,8.62,0.00,0,0,49225144.800,134025.1448,47.2, 34.903, 34.903, 4.274, 3.644, 3.644, 93.37
0,892,8.63,0.00,0,0,49225244.800,134025.2448,47.0, 34.903, 34.903, 3.867, 3.644, 3.644, 87.25
0,893,8.64,0.00,0,0,49225344.800,134025.3448,47.4, 34.903, 34.903, 4.274, 3.644, 3.644, 80.10
0,894,8.65,0.00,0,0,49225444.800,134025.4448,47.9, 34.903, 34.903, 5.220, 3.644, 3.644, 86.04
0,895,8.66,0.00,0,0,49225544.800,134025.5448,47.7, 34.903, 34.903, 8.259, 3.598, 3.598, 96.03
0,896,8.67,0.00,0,0,49225644.800,134025.6448,47.9, 34.903, 34.903, 5.769, 3.644, 3.644, 80.61
0,897,8.68,0.00,0,0,49225744.800,134025.7448,47.7, 34.903, 34.903, 4.274, 3.644, 3.644, 77.82
0,898,8.68,0.00,0,0,49225844.800,134025.8448,47.4, 34.903, 34.903, 3.867, 3.644, 3.644, 100.12
0,899,8.69,0.00,0,0,49225944.800,134025.9448,48.2, 34.903, 34.903, 5.220, 3.644, 3.644, 102.60
0,900,8.70,0.00,0,0,49226044.800,134026.0448,48.3, 34.903, 34.903, 5.220, 3.644, 3.644, 75.21
0,901,8.71,0.00,0,0,49226144.800,134026.1448,48.3, 34.903, 34.903, 4.274, 3.644, 3.644, 85.85
0,902,8.72,0.00,0,0,49226244.800,134026.2448,48.0, 34.903, 34.903, 4.724, 3.297, 3.297, 96.58
0,903,8.73,0.00,0,0,49226344.800,134026.3448,47.9, 34.903, 34.903, 5.769, 3.274, 3.274, 84.85
0,904,8.74,0.00,0,0,49226444.800,134026.4448,48.2, 34.903, 34.903, 5.769, 3.292, 3.292, 97.80
0,905,8.75,0.00,0,0,49226544.800,134026.5448,47.7, 34.903, 34.903, 5.220, 3.644, 3.644, 101.18
0,906,8.76,0.00,0,0,49226644.800,134026.6448,48.0, 34.903, 34.903, 5.220, 3.644, 3.644, 98.84
0,907,8.77,0.00,0,0,49226744.800,134026.7448,48.7, 34.903, 34.903, 5.220, 3.297, 3.297, 99.64
0,908,8.78,0.00,0,0,49226844.800,134026.8448,48.6, 34.903, 10.879, 10.513, 5.437, 1.328, 97.58
0,909,8.79,0.00,0,0,49226944.800,134026.9448,47.8, 34.903, 5.220, 34.903, 6.981, 4.439, 99.84
0,910,8.80,0.00,0,0,49227044.800,134027.0448,47.9, 34.903, 34.903, 5.769, 3.232, 3.232, 82.37
0,911,8.81,0.00,0,0,49227144.800,134027.1448,48.1, 34.903, 34.903, 5.220, 3.297, 3.297, 93.02
0,912,8.82,0.00,0,0,49227244.800,134027.2448,48.3, 34.903, 29.963, 5.769, 4.905, 2.783, 89.58
0,913,8.83,0.00,0,0,49227344.800,134027.3448,48.1, 34.903, 34.903, 2.865, 4.859, 4.859, 98.63
0,914,8.84,0.00,0,0,49227444.800,134027.4448,47.8, 34.903, 16.826, 2.865, 6.640, 4.919, 101.94
0,915,8.85,0.00,0,0,49227544.800,134027.5448,48.4, 34.903, 8.607, 2.865, 6.640, 4.919, 111.11
0,916,8.86,0.00,0,0,49227644.800,134027.6448,48.1, 34.903, 8.607, 2.865, 6.640, 4.451, 106.07
0,917,8.87,0.00,0,0,49227744.800,134027.7448,48.1, 34.903, 7.788, 2.865, 6.640, 5.437, 111.80
0,918,8.88,0.00,0,0,49227844.800,134027.8448,48.2, 34.903, 7.047, 2.865, 6.640, 6.640, 115.77
0,919,8.89,0.00,0,0,49227944.800,134027.9448,48.2, 34.903, 11.618, 2.865, 6.640, 4.451, 106.07
0,920,8.90,0.00,0,0,49228044.800,134028.0448,48.5, 34.903, 7.788, 2.865, 6.640, 5.437, 104.95
0,921,8.91,0.00,0,0,49228144.800,134028.1448,47.9, 34.903, 7.047, 2.865, 6.640, 6.640, 103.77
0,922,8.92,0.00,0,0,49228244.800,134028.2448,48.1, 34.903, 34.903, 2.865, 6.640, 6.640, 95.80
0,923,8.93,0.00,0,0,49228344.800,134028.3448,47.9, 34.903, 34.903, 2.865, 6.640, 6.640, 108.45
0,924,8.94,0.00,0,0,49228444.800,134028.4448,47.9, 28.577, 11.618, 2.865, 5.437, 6.640, 169.09
0,925,8.95,0.00,0,0,49228544.800,134028.5448,47.9, 34.903, 12.840, 2.865, 6.008, 6.640, 138.44
0,926,8.96,0.00,0,0,49228644.800,134028.6448,47.4, 34.903, 7.788, 2.865, 6.640, 5.437, 108.80
0,927,8.97,0.00,0,0,49228744.800,134028.7448,47.2, 34.903, 8.607, 2.865, 6.640, 4.451, 105.52
0,928,8.97,0.00,0,0,49228844.800,134028.8448,47.4, 34.903, 7.788, 2.865, 6.640, 4.919, 107.76
0,929,8.98,0.00,0,0,49228944.800,134028.9448,47.1, 34.903, 7.788, 2.865, 6.640, 5.437, 110.30
0,930,8.99,0.00,0,0,49229044.800,134029.0448,47.6, 34.903, 7.047, 2.865, 6.640, 6.640, 111.74
0,931,9.00,0.00,0,0,49229144.800,134029.1448,47.7, 34.903, 7.047, 2.865, 6.640, 6.640, 102.62
0,932,9.01,0.00,0,0,49229244.800,134029.2448,47.9, 34.903, 34.903, 2.865, 5.608, 5.608, 89.97
0,933,9.02,0.00,0,0,49229344.800,134029.3448,47.9, 34.903, 34.903, 2.865, 4.028, 4.028, 98.56
0,934,9.03,0.00,0,0,49229444.800,134029.4448,48.1, 34.903, 34.903, 2.865, 5.437, 5.437, 98.75
0,935,9.04,0.00,0,0,49229544.800,134029.5448,48.0, 34.903, 21.170, 2.865, 6.100, 6.008, 104.51
0,936,9.05,0.00,0,0,49229644.800,134029.6448,48.0, 34.903, 34.903, 4.274, 3.297, 3.297, 98.02
0,937,9.06,0.00,0,0,49229744.800,134029.7448,47.8, 34.903, 34.903, 3.074, 3.644, 3.644, 99.84
0,938,9.07,0.00,0,0,49229844.800,134029.8448,47.8, 34.903, 34.903, 3.251, 3.644, 3.644, 104.55
0,939,9.08,0.00,0,0,49229944.800,134029.9448,48.1, 34.903, 34.903, 4.344, 3.297, 3.297, 108.34
0,940,9.09,0.00,0,0,49230044.800,134030.0448,47.7, 34.903, 34.903, 3.499, 3.644, 3.644, 84.78
0,941,9.10,0.00,0,0,49230144.800,134030.1448,47.9, 34.903, 34.903, 4.274, 3.644, 3.644, 82.35
0,942,9.11,0.00,0,0,49230244.800,134030.2448,48.0, 34.903, 34.903, 4.917, 3.644, 3.644, 103.68
0,943,9.12,0.00,0,0,49230344.800,134030.3448,47.5, 34.903, 34.903, 5.220, 3.196, 3.196, 100.82
0,944,9.13,0.00,0,0,49230444.800,134030.4448,47.9, 34.903, 34.903, 4.274, 3.644, 3.644, 74.92
0,945,9.14,0.00,0,0,49230544.800,134030.5448,47.8, 34.903, 34.903, 4.724, 3.644, 3.644, 70.93
0,946,9.15,0.00,0,0,49230644.800,134030.6448,47.9, 34.903, 34.903, 6.736, 3.644, 3.644, 72.10
0,947,9.16,0.00,0,0,49230744.800,134030.7448,48.3, 34.903, 34.903, 8.170, 3.440, 3.440, 68.59
0,948,9.17,0.00,0,0,49230844.800,134030.8448,47.9, 34.903, 34.903, 6.376, 3.598, 3.598, 68.17
0,949,9.18,0.00,0,0,49230944.800,134030.9448,48.3, 34.903, 34.903, 4.724, 3.644, 3.644, 76.22
0,950,9.19,0.00,0,0,49231044.800,134031.0448,48.1, 34.903, 34.903, 4.724, 3.644, 3.644, 80.96
0,951,9.20,0.00,0,0,49231144.800,134031.1448,47.9, 34.903, 34.903, 5.220, 3.297, 3.297, 83.58
0,952,9.21,0.00,0,0,49231244.800,134031.2448,48.0, 34.903, 34.903, 7.047, 3.259, 3.259, 86.55
0,953,9.22,0.00,0,0,49231344.800,134031.3448,48.0, 34.903, 34.903, 8.583, 3.227, 3.227, 93.02
0,954,9.23,0.00,0,0,49231444.800,134031.4448,48.0, 34.903, 34.903, 7.516, 3.548, 3.548, 83.97
0,955,9.24,0.00,0,0,49231544.800,134031.5448,47.9, 34.903, 34.903, 6.720, 3.559, 3.559, 79.52
0,956,9.25,0.00,0,0,49231644.800,134031.6448,48.0, 34.903, 34.903, 6.023, 3.644, 3.644, 95.20
0,957,9.26,0.00,0,0,49231744.800,134031.7448,48.4, 34.903, 34.903, 8.496, 3.449, 3.449, 94.33
0,958,9.26,0.00,0,0,49231844.800,134031.8448,48.2, 34.903, 34.903, 5.220, 3.644, 3.644, 81.11
0,959,9.27,0.00,0,0,49231944.800,134031.9448,49.1, 34.903, 34.903, 3.499, 6.640, 6.640, 85.13
0,960,9.28,0.00,0,0,49232044.800,134032.0448,48.0, 28.577, 11.618, 2.865, 5.437, 6.640, 126.54
0,961,9.29,0.00,0,0,49232144.800,134032.1448,47.8, 34.903, 34.903, 3.584, 4.919, 4.919, 103.08
0,962,9.30,0.00,0,0,49232244.800,134032.2448,47.8, 34.903, 34.903, 3.867, 4.028, 4.028, 97.84
0,963,9.31,0.00,0,0,49232344.800,134032.3448,48.1, 34.903, 10.513, 2.865, 6.640, 6.278, 101.05
0,964,9.32,0.00,0,0,49232444.800,134032.4448,48.4, 34.903, 7.788, 2.865, 4.919, 6.640, 137.05
0,965,9.33,0.00,0,0,49232544.800,134032.5448,48.3, 34.903, 6.376, 2.865, 6.640, 5.437, 125.73
0,966,9.34,0.00,0,0,49232644.800,134032.6448,48.4, 34.903, 7.047, 2.865, 6.640, 6.640, 109.04
0,967,9.35,0.00,0,0,49232744.800,134032.7448,48.4, 34.903, 7.788, 2.865, 6.640, 4.919, 112.13
0,968,9.36,0.00,0,0,49232844.800,134032.8448,48.3, 34.903, 10.513, 2.865, 6.640, 4.028, 107.77
0,969,9.37,0.00,0,0,49232944.800,134032.9448,48.3, 34.903, 34.903, 2.865, 6.640, 6.640, 104.92
0,970,9.38,0.00,0,0,49233044.800,134033.0448,48.3, 34.903, 22.061, 2.865, 6.640, 5.437, 103.52
0,971,9.39,0.00,0,0,49233144.800,134033.1448,48.2, 34.903, 7.788, 2.865, 6.640, 4.919, 115.14
0,972,9.40,0.00,0,0,49233244.800,134033.2448,47.9, 34.903, 2.865, 34.127, 6.640, 2.210, 138.02
0,973,9.41,0.00,0,0,49233344.800,134033.3448,48.5, 28.577, 6.376, 34.903, 6.640, 5.437, 131.78
0,974,9.42,0.00,0,0,49233444.800,134033.4448,48.1, 25.857, 5.769, 34.903, 6.640, 4.919, 162.97
0,975,9.43,0.00,0,0,49233544.800,134033.5448,48.0, 34.903, 7.047, 2.865, 6.640, 6.008, 118.98
0,976,9.44,0.00,0,0,49233644.800,134033.6448,48.3, 34.903, 6.376, 2.865, 6.640, 6.640, 110.06
0,977,9.45,0.00,0,0,49233744.800,134033.7448,48.4, 34.903, 6.376, 2.865, 6.008, 6.640, 113.07
0,978,9.46,0.00,0,0,49233844.800,134033.8448,48.3, 34.903, 6.376, 2.865, 6.640, 6.008, 118.35
0,979,9.47,0.00,0,0,49233944.800,134033.9448,48.2, 34.903, 6.376, 2.865, 6.640, 6.640, 120.82
0,980,9.48,0.00,0,0,49234044.800,134034.0448,48.3, 34.903, 34.903, 2.865, 5.319, 5.319, 111.80
0,981,9.49,0.00,0,0,49234144.800,134034.1448,48.3, 34.903, 34.903, 2.865, 4.852, 4.852, 107.23
0,982,9.50,0.00,0,0,49234244.800,134034.2448,48.3, 34.903, 34.903, 2.865, 6.640, 6.640, 97.50
0,983,9.51,0.00,0,0,49234344.800,134034.3448,47.9, 34.903, 17.333, 2.865, 6.640, 4.919, 96.35
0,984,9.52,0.00,0,0,49234444.800,134034.4448,48.0, 34.903, 34.903, 2.865, 4.919, 4.919, 101.11
0,985,9.53,0.00,0,0,49234544.800,134034.5448,48.3, 34.903, 34.903, 2.865, 3.922, 3.922, 117.10
0,986,9.54,0.00,0,0,49234644.800,134034.6448,48.2, 34.903, 34.903, 3.166, 3.644, 3.644, 108.22
0,987,9.55,0.00,0,0,49234744.800,134034.7448,47.9, 34.903, 34.903, 4.274, 3.644, 3.644, 102.73
0,988,9.56,0.00,0,0,49234844.800,134034.8448,48.4, 34.903, 34.903, 4.863, 3.644, 3.644, 104.99
0,989,9.56,0.00,0,0,49234944.800,134034.9448,48.3, 34.903, 34.903, 4.724, 3.644, 3.644, 87.99
0,990,9.57,0.00,0,0,49235044.800,134035.0448,48.8, 34.903, 34.903, 5.220, 3.644, 3.644, 84.79
0,991,9.58,0.00,0,0,49235144.800,134035.1448,48.4, 31.582, 12.684, 7.788, 2.261, 4.209, 161.98
0,992,9.59,0.00,0,0,49235244.800,134035.2448,48.6, 34.903, 34.903, 5.769, 3.281, 3.281, 106.47
0,993,9.60,0.00,0,0,49235344.800,134035.3448,48.9, 34.903, 34.903, 5.220, 3.644, 3.644, 87.04
0,994,9.61,0.00,0,0,49235444.800,134035.4448,48.7, 34.903, 34.903, 4.274, 3.644, 3.644, 98.24
0,995,9.62,0.00,0,0,49235544.800,134035.5448,48.7, 34.903, 34.903, 4.724, 3.297, 3.297, 111.95
0,996,9.63,0.00,0,0,49235644.800,134035.6448,48.8, 34.903, 34.903, 4.724, 3.297, 3.297, 95.84
0,997,9.64,0.00,0,0,49235744.800,134035.7448,48.5, 34.903, 34.903, 4.724, 3.644, 3.644, 91.21
0,998,9.65,0.00,0,0,49235844.800,134035.8448,48.6, 34.903, 34.903, 6.764, 3.644, 3.644, 77.59
0,999,9.66,0.00,0,0,49235944.800,134035.9448,48.8, 34.903, 34.903, 9.460, 3.491, 3.491, 67.95
0,1000,9.67,0.00,0,0,49236044.800,134036.0448,48.6, 34.903, 34.903, 5.220, 3.644, 3.644, 94.45
0,1001,9.68,0.00,0,0,49236144.800,134036.1448,48.3, 34.903, 34.903, 6.062, 3.472, 3.472, 106.21
0,1002,9.69,0.00,0,0,49236244.800,134036.2448,48.4, 34.903, 28.170, 11.618, 4.111, 2.264, 92.48
0,1003,9.70,0.00,0,0,49236344.800,134036.3448,48.1, 34.903, 4.724, 21.170, 6.640, 5.171, 114.58
0,1004,9.71,0.00,0,0,49236444.800,134036.4448,48.4, 34.903, 21.170, 6.696, 5.257, 2.462, 98.76
0,1005,9.72,0.00,0,0,49236544.800,134036.5448,48.3, 34.903, 7.788, 28.577, 6.008, 6.317, 86.85
0,1006,9.73,0.00,0,0,49236644.800,134036.6448,48.3, 34.903, 4.724, 34.903, 6.640, 4.028, 79.63
0,1007,9.74,0.00,0,0,49236744.800,134036.7448,48.3, 34.903, 3.166, 34.903, 6.640, 2.700, 80.09
0,1008,9.75,0.00,0,0,49236844.800,134036.8448,48.3, 34.903, 5.220, 34.903, 6.640, 4.451, 91.65
0,1009,9.76,0.00,0,0,49236944.800,134036.9448,47.7, 34.903, 34.903, 6.491, 4.027, 4.027, 118.37
0,1010,9.77,0.00,0,0,49237044.800,134037.0448,48.9, 34.903, 18.790, 3.490, 5.936, 5.437, 99.81
0,1011,9.78,0.00,0,0,49237144.800,134037.1448,48.5, 34.903, 31.582, 7.047, 4.028, 3.177, 80.14
0,1012,9.79,0.00,0,0,49237244.800,134037.2448,48.5, 34.903, 6.428, 2.865, 6.640, 6.640, 103.29
0,1013,9.80,0.00,0,0,49237344.800,134037.3448,48.1, 34.903, 7.788, 2.865, 6.640, 5.437, 108.36
0,1014,9.81,0.00,0,0,49237444.800,134037.4448,47.9, 34.903, 7.788, 2.865, 6.640, 6.640, 106.45
0,1015,9.82,0.00,0,0,49237544.800,134037.5448,48.3, 34.903, 15.683, 2.865, 6.640, 4.451, 105.27
0,1016,9.83,0.00,0,0,49237644.800,134037.6448,48.3, 34.903, 9.512, 2.865, 6.640, 4.028, 102.65
0,1017,9.84,0.00,0,0,49237744.800,134037.7448,48.4, 34.903, 7.047, 2.865, 6.640, 6.640, 113.36
0,1018,9.85,0.00,0,0,49237844.800,134037.8448,48.4, 34.903, 9.512, 2.865, 6.640, 4.028, 115.58
0,1019,9.85,0.00,0,0,49237944.800,134037.9448,48.3, 34.903, 34.903, 2.865, 6.066, 6.066, 114.66
0,1020,9.86,0.00,0,0,49238044.800,134038.0448,48.6, 34.903, 11.618, 2.865, 6.640, 4.451, 122.30
0,1021,9.87,0.00,0,0,49238144.800,134038.1448,48.0, 34.903, 9.512, 2.865, 6.640, 4.451, 121.44
0,1022,9.88,0.00,0,0,49238244.800,134038.2448,48.1, 34.903, 34.903, 2.865, 4.489, 4.489, 101.93
0,1023,9.89,0.00,0,0,49238344.800,134038.3448,47.8, 34.903, 34.903, 2.865, 5.370, 5.370, 92.18
0,1024,9.90,0.00,0,0,49238444.800,134038.4448,48.0, 34.903, 11.618, 2.865, 6.640, 4.451, 101.05
0,1025,9.91,0.00,0,0,49238544.800,134038.5448,48.6, 34.903, 17.765, 2.865, 6.640, 4.919, 100.20
0,1026,9.92,0.00,0,0,49238644.800,134038.6448,48.9, 34.903, 31.582, 2.865, 6.640, 6.640, 99.18
0,1027,9.93,0.00,0,0,49238744.800,134038.7448,48.7, 34.903, 11.618, 2.865, 6.008, 4.919, 115.22
0,1028,9.94,0.00,0,0,49238844.800,134038.8448,48.4, 34.903, 7.047, 2.865, 6.640, 6.640, 118.10
0,1029,9.95,0.00,0,0,49238944.800,134038.9448,48.2, 34.903, 34.903, 2.865, 6.165, 6.165, 100.71
0,1030,9.96,0.00,0,0,49239044.800,134039.0448,48.2, 34.903, 34.903, 2.865, 5.459, 5.459, 108.15
0,1031,9.97,0.00,0,0,49239144.800,134039.1448,48.4, 34.903, 34.903, 4.724, 3.644, 3.644, 101.72
0,1032,9.98,0.00,0,0,49239244.900,134039.2449,48.2, 34.903, 34.903, 4.274, 3.297, 3.297, 107.16
0,1033,9.99,0.00,0,0,49239344.900,134039.3449,48.4, 21.170, 8.607, 34.903, 6.008, 6.640, 192.46
0,1034,10.00,0.00,0,0,49239444.900,134039.4449,48.1, 34.903, 34.903, 4.724, 3.644, 3.644, 82.63
